molecule_chembl_id,canonical_smiles,standard_value
CHEMBL457092,COC(=O)[C@H](CC(C)C)NC(=O)[C@@H](O)[C@H](N)Cc1ccccc1,690.0
CHEMBL458777,CCCCN(CCCC)[C@H](CC(=O)NO)C(=O)N[C@@H](CC(C)C)C(=O)OC,9200.0
CHEMBL458594,CCCCN[C@H](CC(=O)NO)C(=O)N[C@@H](CC(C)C)C(=O)OC,4690.0
CHEMBL458592,CCCCC[C@H](CC(=O)NO)C(=O)N[C@@H](Cc1ccccc1)C(=O)OC,840.0
CHEMBL458586,CCCCC[C@H](CC(=O)NO)C(=O)N[C@H](C(=O)OC)C(C)(C)C,20000.0
CHEMBL457293,CCCCC[C@H](CC(=O)NO)C(=O)N[C@H](C(=O)OC)C(C)C,1250.0
CHEMBL457292,CCCCC[C@H](CC(=O)NO)C(=O)N[C@@H](C)C(=O)OC,530.0
CHEMBL457060,CCCCC[C@H](CC(=O)NO)C(=O)NCC(=O)OC,1540.0
CHEMBL457291,COC(=O)[C@H](CC(C)C)NC(=O)CCC(=O)NO,19900.0
CHEMBL458564,COC(=O)[C@H](CC(C)C)NC(=O)[C@@H](CC(=O)NO)Cc1ccccc1,45200.0
CHEMBL458563,CC[C@H](CC(=O)NO)C(=O)N[C@@H](CC(C)C)C(=O)OC,24100.0
CHEMBL457466,CCCCC[C@@H](CC(=O)NO)C(=O)N[C@@H](CC(C)C)C(=O)OC,12100.0
CHEMBL457093,CCCCC[C@H](CC(=O)NO)C(=O)N[C@@H](CC(C)C)C(=O)OC,1060.0
CHEMBL1241426,CN[C@@H](C)C(=O)N[C@H]1CC[C@@H](NC(=O)Cc2ccccc2)C[C@H]2CC[C@@H](C(=O)N[C@@H]3CCCc4ccccc43)N2C1=O,2.6
CHEMBL1241425,CN[C@@H](C)C(=O)N[C@H]1CC[C@H](NC(=O)Cc2ccccc2)C[C@H]2CC[C@@H](C(=O)NC(c3ccccc3)c3ccccc3)N2C1=O,84.1
CHEMBL1241424,CN[C@@H](C)C(=O)N[C@H]1CC[C@@H](NC(=O)Cc2ccccc2)C[C@H]2CC[C@@H](C(=O)NC(c3ccccc3)c3ccccc3)N2C1=O,10.9
CHEMBL1242922,CN[C@@H](C)C(=O)N[C@H]1CC[C@H](O)C[C@H]2CC[C@@H](C(=O)NC(c3ccccc3)c3ccccc3)N2C1=O,45.5
CHEMBL1243385,CN[C@@H](C)C(=O)N[C@H]1CC[C@@H](O)C[C@H]2CC[C@@H](C(=O)NC(c3ccccc3)c3ccccc3)N2C1=O,54.5
CHEMBL504559,CN[C@@H](C)C(=O)N[C@H]1CN(C(=O)Cc2ccccc2)CC[C@H]2CC[C@@H](C(=O)NC(c3ccccc3)c3ccccc3)N2C1=O,9.0
CHEMBL481422,CN[C@@H](C)C(=O)N[C@H]1CCCC[C@H]2CC[C@@H](C(=O)NC(c3ccccc3)c3ccccc3)N2C1=O,46.2
CHEMBL1774157,CN[C@@H](C)C(=O)N[C@H]1CCCC[C@H]2CC[C@@H](C(=O)N[C@@H](c3ccccc3)c3cn(CCCc4ccc(CCCn5cc([C@@H](NC(=O)[C@@H]6CC[C@@H]7CCCC[C@H](NC(=O)[C@H](C)NC)C(=O)N76)c6ccccc6)nn5)cc4)nn3)N2C1=O,2.6
CHEMBL1774031,CN[C@@H](C)C(=O)N[C@H]1CCCC[C@H]2CC[C@@H](C(=O)N[C@@H](c3ccccc3)c3cn(CCCCCCCCCCn4cc([C@@H](NC(=O)[C@@H]5CC[C@@H]6CCCC[C@H](NC(=O)[C@H](C)NC)C(=O)N65)c5ccccc5)nn4)nn3)N2C1=O,2.8
CHEMBL1774160,CN[C@@H](C)C(=O)N[C@H]1CCCC[C@H]2CC[C@@H](C(=O)N[C@@H](c3ccccc3)c3cn(CCCCCCCCCCCCn4cc([C@@H](NC(=O)[C@@H]5CC[C@@H]6CCCC[C@H](NC(=O)[C@H](C)NC)C(=O)N65)c5ccccc5)nn4)nn3)N2C1=O,3.2
CHEMBL1774154,CN[C@@H](C)C(=O)N[C@H]1CCCC[C@H]2CC[C@@H](C(=O)N[C@@H](c3ccccc3)c3cn(CCCCc4ccc(CCCCn5cc([C@@H](NC(=O)[C@@H]6CC[C@@H]7CCCC[C@H](NC(=O)[C@H](C)NC)C(=O)N76)c6ccccc6)nn5)cc4)nn3)N2C1=O,4.6
CHEMBL1774163,CN[C@@H](C)C(=O)N[C@H]1CCCC[C@H]2CC[C@@H](C(=O)N[C@@H](c3ccccc3)c3cn(CCCCCOCCCCCn4cc([C@@H](NC(=O)[C@@H]5CC[C@@H]6CCCC[C@H](NC(=O)[C@H](C)NC)C(=O)N65)c5ccccc5)nn4)nn3)N2C1=O,4.9
CHEMBL1774158,CN[C@@H](C)C(=O)N[C@H]1CCCC[C@H]2CC[C@@H](C(=O)N[C@@H](c3ccccc3)c3cn(CCCCCCc4ccc(CCCCCCn5cc([C@@H](NC(=O)[C@@H]6CC[C@@H]7CCCC[C@H](NC(=O)[C@H](C)NC)C(=O)N76)c6ccccc6)nn5)cc4)nn3)N2C1=O,5.4
CHEMBL1774156,CN[C@@H](C)C(=O)N[C@H]1CCCC[C@H]2CC[C@@H](C(=O)N[C@@H](c3ccccc3)c3cn(CCc4ccc(CCn5cc([C@@H](NC(=O)[C@@H]6CC[C@@H]7CCCC[C@H](NC(=O)[C@H](C)NC)C(=O)N76)c6ccccc6)nn5)cc4)nn3)N2C1=O,5.7
CHEMBL1774161,CN[C@@H](C)C(=O)N[C@H]1CCCC[C@H]2CC[C@@H](C(=O)N[C@@H](c3ccccc3)c3cn(CCCCc4cn(CCCCn5cc([C@@H](NC(=O)[C@@H]6CC[C@@H]7CCCC[C@H](NC(=O)[C@H](C)NC)C(=O)N76)c6ccccc6)nn5)nn4)nn3)N2C1=O,6.2
CHEMBL1774162,CN[C@@H](C)C(=O)N[C@H]1CCCC[C@H]2CC[C@@H](C(=O)N[C@@H](c3ccccc3)c3cn(CCCCNC(=O)NCCCCn4cc([C@@H](NC(=O)[C@@H]5CC[C@@H]6CCCC[C@H](NC(=O)[C@H](C)NC)C(=O)N65)c5ccccc5)nn4)nn3)N2C1=O,6.8
CHEMBL1774159,CN[C@@H](C)C(=O)N[C@H]1CCCC[C@H]2CC[C@@H](C(=O)N[C@@H](c3ccccc3)c3cn(CCCCCCCCc4ccc(CCCCCCCCn5cc([C@@H](NC(=O)[C@@H]6CC[C@@H]7CCCC[C@H](NC(=O)[C@H](C)NC)C(=O)N76)c6ccccc6)nn5)cc4)nn3)N2C1=O,7.3
CHEMBL1774164,CN[C@@H](C)C(=O)N[C@H]1CCCC[C@H]2CC[C@@H](C(=O)N[C@@H](c3ccccc3)c3cn(CCOCCCCOCCn4cc([C@@H](NC(=O)[C@@H]5CC[C@@H]6CCCC[C@H](NC(=O)[C@H](C)NC)C(=O)N65)c5ccccc5)nn4)nn3)N2C1=O,7.5
CHEMBL1773083,CN[C@@H](C)C(=O)N[C@H]1CCCC[C@H]2CC[C@@H](C(=O)N[C@@H](c3ccccc3)c3cn(Cc4ccc(Cn5cc([C@@H](NC(=O)[C@@H]6CC[C@@H]7CCCC[C@H](NC(=O)[C@H](C)NC)C(=O)N76)c6ccccc6)nn5)cc4)nn3)N2C1=O,8.8
CHEMBL1774165,CN[C@@H](C)C(=O)N[C@H]1CCCC[C@H]2CC[C@@H](C(=O)N[C@@H](c3ccccc3)c3cn(CCOCCOCCOCCn4cc([C@@H](NC(=O)[C@@H]5CC[C@@H]6CCCC[C@H](NC(=O)[C@H](C)NC)C(=O)N65)c5ccccc5)nn4)nn3)N2C1=O,13.0
CHEMBL1774166,CN[C@@H](C)C(=O)N[C@H]1CCCC[C@H]2CC[C@@H](C(=O)N[C@@H](c3ccccc3)c3cn(CCCCc4ccc(CCCCn5cc([C@@H](NC(=O)[C@@H]6CC[C@@H]7CCCC[C@H](NC(=O)[C@H](Cc8c[nH]c9ccccc89)NC(C)=O)C(=O)N76)c6ccccc6)nn5)cc4)nn3)N2C1=O,16.0
CHEMBL1774155,CC(=O)N[C@@H](Cc1c[nH]c2ccccc12)C(=O)N[C@H]1CCCC[C@H]2CC[C@@H](C(=O)N[C@@H](c3ccccc3)c3cn(CCCCc4ccc(CCCCn5cc([C@@H](NC(=O)[C@@H]6CC[C@@H]7CCCC[C@H](NC(=O)[C@H](Cc8c[nH]c9ccccc89)NC(C)=O)C(=O)N76)c6ccccc6)nn5)cc4)nn3)N2C1=O,10000.0
CHEMBL1950864,CN[C@@H](C)C(=O)N[C@H](C(=O)N[C@H]1C[C@@H]2CC[C@H]1N(CCc1ccccc1)C2)C1CCCCC1,4.0
CHEMBL1950863,CN[C@@H](C)C(=O)N[C@H](C(=O)N[C@H]1CCCN(CCc2c[nH]c3ccccc23)C1)C(C)(C)C,115.0
CHEMBL1950862,CN[C@@H](C)C(=O)N[C@H](C(=O)N[C@H]1CCCN(CCc2ccncc2)C1)C(C)(C)C,593.0
CHEMBL1950861,CN[C@@H](C)C(=O)N[C@H](C(=O)N[C@H]1CCCN(CCc2ccccn2)C1)C(C)(C)C,301.0
CHEMBL1950860,CN[C@@H](C)C(=O)N[C@H](C(=O)N[C@H]1CCCN(CCc2ccc(C(F)(F)F)cc2)C1)C(C)(C)C,49.0
CHEMBL1950859,CN[C@@H](C)C(=O)N[C@H](C(=O)N[C@H]1CCCN(CCc2ccc([N+](=O)[O-])cc2)C1)C(C)(C)C,32.0
CHEMBL1950858,CN[C@@H](C)C(=O)N[C@H](C(=O)N[C@H]1CCCN(CCc2ccc(O)cc2)C1)C(C)(C)C,42.0
CHEMBL1950857,CN[C@@H](C)C(=O)N[C@H](C(=O)N[C@H]1CCCN(CCc2ccc(C)cc2)C1)C(C)(C)C,30.0
CHEMBL1950856,CN[C@@H](C)C(=O)N[C@H](C(=O)N[C@H]1CCCN(CCc2ccc(Br)cc2)C1)C(C)(C)C,24.0
CHEMBL1950855,CN[C@@H](C)C(=O)N[C@H](C(=O)N[C@H]1CCCN(CCc2ccc(Cl)cc2)C1)C(C)(C)C,24.0
CHEMBL1950854,CN[C@@H](C)C(=O)N[C@H](C(=O)N[C@H]1CCCN(CCc2ccc(OC)cc2)C1)C(C)(C)C,90.0
CHEMBL1950853,CN[C@@H](C)C(=O)N[C@H](C(=O)N[C@H]1CCCN(CCc2cccc(OC)c2)C1)C(C)(C)C,52.0
CHEMBL1950852,CN[C@@H](C)C(=O)N[C@H](C(=O)N[C@H]1CCCN(CCc2ccccc2OC)C1)C(C)(C)C,50.0
CHEMBL1950851,CN[C@@H](C)C(=O)N[C@H](C(=O)N[C@H]1CCCN(CCc2ccc(F)cc2)C1)C(C)(C)C,20.0
CHEMBL1950850,CN[C@@H](C)C(=O)N[C@H](C(=O)N[C@H]1CCCN(CCc2ccc(F)cc2)C1)C1CCCCC1,18.0
CHEMBL1950849,CN[C@@H](C)C(=O)N[C@H](C(=O)N[C@H]1CCCN(CCc2cccc(F)c2)C1)C1CCCCC1,68.0
CHEMBL1950848,CN[C@@H](C)C(=O)N[C@H](C(=O)N[C@H]1CCCN(CCc2ccccc2F)C1)C1CCCCC1,33.0
CHEMBL1950847,CN[C@@H](C)C(=O)N[C@H](C(=O)N[C@H]1CCCN(S(=O)(=O)Cc2ccccc2)C1)C(C)(C)C,3890.0
CHEMBL1950846,CN[C@@H](C)C(=O)N[C@H](C(=O)N[C@H]1CCCN(S(=O)(=O)c2ccccc2)C1)C(C)(C)C,5750.0
CHEMBL1950845,CN[C@@H](C)C(=O)N[C@H](C(=O)N[C@H]1CCCN([C@@H]2CCCc3ccccc32)C1)C1CCCCC1,1990.0
CHEMBL1950844,CN[C@@H](C)C(=O)N[C@H](C(=O)N[C@H]1CCCN(CC(c2ccccc2)c2ccccc2)C1)C1CCCCC1,62.0
CHEMBL1950843,CN[C@@H](C)C(=O)N[C@H](C(=O)N(C)[C@H]1CCCN(CCc2ccccc2)C1)C1CCCCC1,44.0
CHEMBL1950842,CN[C@@H](C)C(=O)N[C@H](C(=O)N[C@H]1CCCN(CCc2ccccc2)C1)C(C)(C)C,26.0
CHEMBL1950841,CN[C@@H](C)C(=O)N[C@H](C(=O)N[C@H]1CCCCN(CCc2ccccc2)C1)C1CCCCC1,80.0
CHEMBL1950732,CN[C@@H](C)C(=O)N[C@H](C(=O)N[C@H]1CCCCN(Cc2ccccc2)C1)C1CCCCC1,270.0
CHEMBL1950731,CN[C@@H](C)C(=O)N[C@H](C(=O)N[C@H]1CCCN(C(=O)OCc2ccccc2)C1)C1CCCCC1,450.0
CHEMBL1950730,CN[C@@H](C)C(=O)N[C@H](C(=O)N[C@H]1CCCN(C(=O)Cc2ccccc2)C1)C1CCCCC1,130.0
CHEMBL1950729,CN[C@@H](C)C(=O)N[C@H](C(=O)N[C@H]1CCCN(C(=O)c2ccccc2)C1)C1CCCCC1,3360.0
CHEMBL1950728,CN[C@@H](C)C(=O)N[C@H](C(=O)N[C@H]1CCCN(CCCc2ccccc2)C1)C1CCCCC1,790.0
CHEMBL1950727,CN[C@@H](C)C(=O)N[C@H](C(=O)N[C@H]1CCCN(Cc2ccccc2)C1)C1CCCCC1,1690.0
CHEMBL1950726,CN[C@@H](C)C(=O)N[C@H](C(=O)N[C@H]1CCN(C(=O)OCc2ccccc2)C1)C1CCCCC1,740.0
CHEMBL1950725,CN[C@@H](C)C(=O)N[C@H](C(=O)N[C@H]1CCN(C(=O)Cc2ccccc2)C1)C1CCCCC1,780.0
CHEMBL1950724,CN[C@@H](C)C(=O)N[C@H](C(=O)N[C@H]1CCN(C(=O)c2ccccc2)C1)C1CCCCC1,5020.0
CHEMBL1950723,CN[C@@H](C)C(=O)N[C@H](C(=O)N[C@H]1CCN(CCCc2ccccc2)C1)C1CCCCC1,740.0
CHEMBL1950722,CN[C@@H](C)C(=O)N[C@H](C(=O)N[C@H]1CCN(CCc2ccccc2)C1)C1CCCCC1,500.0
CHEMBL1950721,CN[C@@H](C)C(=O)N[C@H](C(=O)N[C@H]1CCN(Cc2ccccc2)C1)C1CCCCC1,3380.0
CHEMBL1949685,CN[C@@H](C)C(=O)N[C@H](C(=O)N[C@H]1CCCN(CCc2ccccc2)C1)C1CCCCC1,40.0
CHEMBL1957107,CC[C@H](NC)C(=O)N[C@@H]1C(=O)N2[C@@H](CC[C@@H]1CCNCc1ccc(N)cc1)CC[C@H]2C(=O)NC(c1ccccc1)c1ccccc1,2.0
CHEMBL1957106,CC[C@H](NC)C(=O)N[C@@H]1C(=O)N2[C@@H](CC[C@@H]1CCNCc1ccc(C(=O)OC)cc1)CC[C@H]2C(=O)NC(c1ccccc1)c1ccccc1,2.0
CHEMBL1957105,CC[C@H](NC)C(=O)N[C@@H]1C(=O)N2[C@@H](CC[C@@H]1CCNCc1ccc([N+](=O)[O-])cc1)CC[C@H]2C(=O)NC(c1ccccc1)c1ccccc1,2.0
CHEMBL1957026,CC[C@H](NC)C(=O)N[C@@H]1C(=O)N2[C@@H](CC[C@@H]1CCNCc1ccc(OC)cc1)CC[C@H]2C(=O)NC(c1ccccc1)c1ccccc1,2.0
CHEMBL1957025,CC[C@H](NC)C(=O)N[C@@H]1C(=O)N2[C@@H](CC[C@@H]1CCNCc1ccc(C(C)(C)C)cc1)CC[C@H]2C(=O)NC(c1ccccc1)c1ccccc1,3.3
CHEMBL1957024,CC[C@H](NC)C(=O)N[C@@H]1C(=O)N2[C@@H](CC[C@@H]1CCNCc1ccc(C(F)(F)F)cc1)CC[C@H]2C(=O)NC(c1ccccc1)c1ccccc1,2.0
CHEMBL1957023,CC[C@H](NC)C(=O)N[C@@H]1C(=O)N2[C@@H](CC[C@@H]1CCNCc1cc(F)cc(F)c1)CC[C@H]2C(=O)NC(c1ccccc1)c1ccccc1,2.0
CHEMBL1957022,CC[C@H](NC)C(=O)N[C@@H]1C(=O)N2[C@@H](CC[C@@H]1CCNCc1cc(Cl)cc(Cl)c1)CC[C@H]2C(=O)NC(c1ccccc1)c1ccccc1,2.6
CHEMBL1957021,CC[C@H](NC)C(=O)N[C@@H]1C(=O)N2[C@@H](CC[C@@H]1CCNCc1ccc(F)cc1)CC[C@H]2C(=O)NC(c1ccccc1)c1ccccc1,2.0
CHEMBL1957020,CC[C@H](NC)C(=O)N[C@@H]1C(=O)N2[C@@H](CC[C@@H]1CCNCc1cccc(F)c1)CC[C@H]2C(=O)NC(c1ccccc1)c1ccccc1,2.0
CHEMBL1957019,CC[C@H](NC)C(=O)N[C@@H]1C(=O)N2[C@@H](CC[C@@H]1CCNCc1ccccc1F)CC[C@H]2C(=O)NC(c1ccccc1)c1ccccc1,2.0
CHEMBL1957018,CC[C@H](NC)C(=O)N[C@@H]1C(=O)N2[C@@H](CC[C@@H]1CCNCc1ccc(Cl)cc1)CC[C@H]2C(=O)NC(c1ccccc1)c1ccccc1,2.0
CHEMBL1957017,CC[C@H](NC)C(=O)N[C@@H]1C(=O)N2[C@@H](CC[C@@H]1CCNCc1cccc(Cl)c1)CC[C@H]2C(=O)NC(c1ccccc1)c1ccccc1,2.0
CHEMBL1957016,CC[C@H](NC)C(=O)N[C@@H]1C(=O)N2[C@@H](CC[C@@H]1CCNCc1ccccc1Cl)CC[C@H]2C(=O)NC(c1ccccc1)c1ccccc1,2.0
CHEMBL1957015,CC[C@H](NC)C(=O)N[C@@H]1C(=O)N2[C@@H](CC[C@@H]1CCNCc1ccc(C)cc1)CC[C@H]2C(=O)NC(c1ccccc1)c1ccccc1,2.0
CHEMBL1957014,CC[C@H](NC)C(=O)N[C@@H]1C(=O)N2[C@@H](CC[C@@H]1CCNCc1cccc(C)c1)CC[C@H]2C(=O)NC(c1ccccc1)c1ccccc1,2.0
CHEMBL1957013,CC[C@H](NC)C(=O)N[C@@H]1C(=O)N2[C@@H](CC[C@@H]1CCNCc1ccccc1C)CC[C@H]2C(=O)NC(c1ccccc1)c1ccccc1,2.0
CHEMBL575256,CC[C@H](NC)C(=O)N[C@@H]1C(=O)N2[C@@H](CC[C@@H]1CCNCc1ccccc1)CC[C@H]2C(=O)NC(c1ccccc1)c1ccccc1,2.0
CHEMBL365059,CC[C@H](C)[C@H](NC(=O)[C@@H]1CCCN1C(=O)[C@@H](NC(=O)[C@H](C)N)C(C)C)C(N)=O,999.0
CHEMBL2158051,CN[C@@H](C)C(=O)N[C@H]1CN(C(=O)CC(C)C)CC[C@H]2CC[C@@H](C(=O)NC(c3ccccc3)c3ccccc3)N2C1=O,12.3
CHEMBL2158052,CN[C@@H](Cc1c[nH]c2ccccc12)C(=O)N[C@H]1CN(C(=O)CC(C)C)CC[C@H]2CC[C@@H](C(=O)NC(c3ccccc3)c3ccccc3)N2C1=O,38900.0
CHEMBL456400,CN[C@@H](C)C(=O)N[C@H]1CN(C(C)=O)CC[C@H]2CC[C@@H](C(=O)NC(c3ccccc3)c3ccccc3)N2C1=O,7.6
CHEMBL2158599,CN[C@@H](C)C(=O)N[C@H]1CCCC[C@H]2CC[C@@H](C(=O)N[C@@H](c3ccccc3)c3cn(CCCCCCCCn4cc([C@@H](NC(=O)[C@@H]5CC[C@@H]6CCCC[C@H](NC(=O)[C@H](C)NC)C(=O)N65)c5ccccc5)nn4)nn3)N2C1=O,2.8
CHEMBL2158600,CN[C@@H](C)C(=O)N[C@H]1CN(C(=O)CCC(=O)N2CC[C@H]3CC[C@@H](C(=O)NC(c4ccccc4)c4ccccc4)N3C(=O)[C@@H](NC(=O)[C@H](C)NC)C2)CC[C@H]2CC[C@@H](C(=O)NC(c3ccccc3)c3ccccc3)N2C1=O,6.1
CHEMBL2158601,CN[C@@H](C)C(=O)N[C@H]1CN(C(=O)CCCCC(=O)N2CC[C@H]3CC[C@@H](C(=O)NC(c4ccccc4)c4ccccc4)N3C(=O)[C@@H](NC(=O)[C@H](C)NC)C2)CC[C@H]2CC[C@@H](C(=O)NC(c3ccccc3)c3ccccc3)N2C1=O,4.5
CHEMBL2158602,CN[C@@H](C)C(=O)N[C@H]1CN(C(=O)CCCCCCC(=O)N2CC[C@H]3CC[C@@H](C(=O)NC(c4ccccc4)c4ccccc4)N3C(=O)[C@@H](NC(=O)[C@H](C)NC)C2)CC[C@H]2CC[C@@H](C(=O)NC(c3ccccc3)c3ccccc3)N2C1=O,8.6
CHEMBL2158603,CN[C@@H](C)C(=O)N[C@H]1CN(C(=O)CCCCCCCCC(=O)N2CC[C@H]3CC[C@@H](C(=O)NC(c4ccccc4)c4ccccc4)N3C(=O)[C@@H](NC(=O)[C@H](C)NC)C2)CC[C@H]2CC[C@@H](C(=O)NC(c3ccccc3)c3ccccc3)N2C1=O,12.9
CHEMBL2158604,CN[C@@H](C)C(=O)N[C@H]1CN(C(=O)CCCCCCCCCCC(=O)N2CC[C@H]3CC[C@@H](C(=O)NC(c4ccccc4)c4ccccc4)N3C(=O)[C@@H](NC(=O)[C@H](C)NC)C2)CC[C@H]2CC[C@@H](C(=O)NC(c3ccccc3)c3ccccc3)N2C1=O,12.4
CHEMBL2158605,CN[C@@H](C)C(=O)N[C@H]1CN(C(=O)CCCCc2ccc(CCCCC(=O)N3CC[C@H]4CC[C@@H](C(=O)NC(c5ccccc5)c5ccccc5)N4C(=O)[C@@H](NC(=O)[C@H](C)NC)C3)cc2)CC[C@H]2CC[C@@H](C(=O)NC(c3ccccc3)c3ccccc3)N2C1=O,17.4
CHEMBL2158606,CN[C@@H](C)C(=O)N[C@H]1CN(C(=O)CCCCOCCCCC(=O)N2CC[C@H]3CC[C@@H](C(=O)NC(c4ccccc4)c4ccccc4)N3C(=O)[C@@H](NC(=O)[C@H](C)NC)C2)CC[C@H]2CC[C@@H](C(=O)NC(c3ccccc3)c3ccccc3)N2C1=O,8.5
CHEMBL2158607,CN[C@@H](C)C(=O)N[C@H]1CN(C(=O)c2ccc(C(=O)N3CC[C@H]4CC[C@@H](C(=O)NC(c5ccccc5)c5ccccc5)N4C(=O)[C@@H](NC(=O)[C@H](C)NC)C3)cc2)CC[C@H]2CC[C@@H](C(=O)NC(c3ccccc3)c3ccccc3)N2C1=O,21.2
CHEMBL2205247,CC[C@H](NC)C(=O)N[C@@H]1C(=O)N2[C@@H](CC[C@@H]1CO)CC[C@H]2C(=O)N[C@H](C(=O)NCCCCCNc1c(NCCCCCNC(=O)[C@@H](NC(=O)[C@@H]2CC[C@@H]3CC[C@H](CO)[C@H](NC(=O)[C@H](CC)NC)C(=O)N32)c2ccccc2)c(=O)c1=O)c1ccccc1.O=C(O)C(F)(F)F,2.6
CHEMBL2205248,CC[C@H](NC)C(=O)N[C@@H]1C(=O)N2[C@@H](CC[C@@H]1CO)CC[C@H]2C(=O)N[C@H](C(=O)NCCNC(=O)CCC#CC#CCCC(=O)NCCNC(=O)[C@@H](NC(=O)[C@@H]1CC[C@@H]2CC[C@H](CO)[C@H](NC(=O)[C@H](CC)NC)C(=O)N21)c1ccccc1)c1ccccc1.O=C(O)C(F)(F)F,1.1
CHEMBL2205249,CC[C@H](NC)C(=O)N[C@@H]1C(=O)N2[C@@H](CC[C@@H]1CNCc1ccccc1)CC[C@H]2C(=O)N[C@@H](c1ccccc1)c1cn(CCCCc2ccc(CCCCn3cc([C@@H](NC(=O)[C@@H]4CC[C@@H]5CC[C@H](CNCc6ccccc6)[C@H](NC(=O)[C@H](CC)NC)C(=O)N54)c4ccccc4)nn3)cc2)nn1.O=C(O)C(F)(F)F,17.6
CHEMBL2204566,CC[C@H](NC)C(=O)N[C@@H]1C(=O)N2[C@@H](CC[C@@H]1CCN)CC[C@H]2C(=O)N[C@H](C(=O)NCCCOCCOCCOCCCNC(=O)[C@@H](NC(=O)[C@@H]1CC[C@@H]2CC[C@H](CCN)[C@H](NC(=O)[C@H](CC)NC)C(=O)N21)c1ccccc1)c1ccccc1.O=C(O)C(F)(F)F,1.0
CHEMBL2204567,CC[C@H](NC)C(=O)N[C@@H]1C(=O)N2[C@@H](CC[C@@H]1CCNC(=O)CCc1cn(CCOCCOCCOCCNC(=O)[C@@H](NC(=O)[C@@H]3CC[C@@H]4CC[C@H](CO)[C@H](NC(=O)[C@H](CC)NC)C(=O)N43)c3ccccc3)nn1)CC[C@H]2C(=O)NC(c1ccccc1)c1ccccc1.O=C(O)C(F)(F)F,1.5
CHEMBL2204568,CC[C@H](NC)C(=O)N[C@@H]1C(=O)N2[C@@H](CC[C@@H]1Cn1cc(CCC(=O)NCCOCCOCCOCCNC(=O)[C@@H](NC(=O)[C@@H]3CC[C@@H]4CC[C@H](CO)[C@H](NC(=O)[C@H](CC)NC)C(=O)N43)c3ccccc3)nn1)CC[C@H]2C(=O)NC(c1ccccc1)c1ccccc1.O=C(O)C(F)(F)F,5.0
CHEMBL2204569,CC[C@H](NC)C(=O)N[C@@H]1C(=O)N2[C@@H](CC[C@@H]1CNC(=O)COCC(=O)NCCOCCOCCOCCNC(=O)[C@@H](NC(=O)[C@@H]1CC[C@@H]3CC[C@H](CO)[C@H](NC(=O)[C@H](CC)NC)C(=O)N31)c1ccccc1)CC[C@H]2C(=O)NC(c1ccccc1)c1ccccc1.O=C(O)C(F)(F)F,3.2
CHEMBL2204570,CC[C@H](N)C(=O)N[C@@H]1C(=O)N2[C@@H](CC[C@@H]1Cn1cc(CO[C@H](C)[C@H](NC(=O)[C@H](C)NC)C(=O)N3CCC[C@H]3Cn3nnnc3Sc3ccccc3)nn1)CC[C@H]2C(=O)NC(c1ccccc1)c1ccccc1,1.0
CHEMBL2204571,CN[C@@H](C)C(=O)N[C@H](C(=O)N1CCC[C@H]1Cn1nnnc1Sc1ccccc1)[C@H](C)OCC#CC#CCO[C@@H](C)[C@H](NC(=O)[C@H](C)NC)C(=O)N1CCC[C@H]1Cn1nnnc1Sc1ccccc1,12.6
CHEMBL2204572,CC[C@H](NC)C(=O)N[C@@H]1C(=O)N2[C@@H](CC[C@@H]1CNC(=O)c1cn(C[C@H]3CC[C@H]4CC[C@@H](C(=O)NC(c5ccccc5)c5ccccc5)N4C(=O)[C@H]3NC(=O)[C@H](CC)NC)nn1)CC[C@H]2C(=O)NC(c1ccccc1)c1ccccc1.O=C(O)C(F)(F)F,1.7
CHEMBL2204573,CC[C@H](NC)C(=O)N[C@@H]1C(=O)N2[C@@H](CC[C@@H]1CNC(=O)CCc1cn(C[C@H]3CC[C@H]4CC[C@@H](C(=O)NC(c5ccccc5)c5ccccc5)N4C(=O)[C@H]3NC(=O)[C@H](CC)NC)nn1)CC[C@H]2C(=O)NC(c1ccccc1)c1ccccc1.O=C(O)C(F)(F)F,2.9
CHEMBL2204574,CC[C@H](NC)C(=O)N[C@@H]1C(=O)N2[C@@H](CC[C@@H]1CNC(=O)CCCC#CC#CCCCC(=O)NC[C@H]1CC[C@H]3CC[C@@H](C(=O)NC(c4ccccc4)c4ccccc4)N3C(=O)[C@H]1NC(=O)[C@H](CC)NC)CC[C@H]2C(=O)NC(c1ccccc1)c1ccccc1.O=C(O)C(F)(F)F,1.4
CHEMBL2204575,CC[C@H](NC)C(=O)N[C@@H]1C(=O)N2[C@@H](CC[C@@H]1CNC(=O)CCCCCCCCC(=O)NC[C@H]1CC[C@H]3CC[C@@H](C(=O)NC(c4ccccc4)c4ccccc4)N3C(=O)[C@H]1NC(=O)[C@H](CC)NC)CC[C@H]2C(=O)NC(c1ccccc1)c1ccccc1.O=C(O)C(F)(F)F,1.4
CHEMBL2204576,CC[C@H](NC)C(=O)N[C@@H]1C(=O)N2[C@@H](CC[C@@H]1CNC(=O)COCCOCCOCC(=O)NC[C@H]1CC[C@H]3CC[C@@H](C(=O)NC(c4ccccc4)c4ccccc4)N3C(=O)[C@H]1NC(=O)[C@H](CC)NC)CC[C@H]2C(=O)NC(c1ccccc1)c1ccccc1.O=C(O)C(F)(F)F,1.7
CHEMBL2204577,CC[C@H](NC)C(=O)N[C@@H]1C(=O)N2[C@@H](CC[C@@H]1CNC(=O)COCCOCCOCCOCC(=O)NC[C@H]1CC[C@H]3CC[C@@H](C(=O)NC(c4ccccc4)c4ccccc4)N3C(=O)[C@H]1NC(=O)[C@H](CC)NC)CC[C@H]2C(=O)NC(c1ccccc1)c1ccccc1.O=C(O)C(F)(F)F,1.0
CHEMBL2204578,CC[C@H](NC)C(=O)N[C@@H]1C(=O)N2[C@@H](CC[C@@H]1CNC(=O)CCCCC#CC#CCCCCCC(=O)NC[C@H]1CC[C@H]3CC[C@@H](C(=O)NC(c4ccccc4)c4ccccc4)N3C(=O)[C@H]1NC(=O)[C@H](CC)NC)CC[C@H]2C(=O)NC(c1ccccc1)c1ccccc1.O=C(O)C(F)(F)F,3.8
CHEMBL2204579,CC[C@H](NC)C(=O)N[C@@H]1C(=O)N2[C@@H](CC[C@@H]1CNC(=O)CCCCc1cn(CCCCc3ccc(CCCCn4cc(CCCCC(=O)NC[C@H]5CC[C@H]6CC[C@@H](C(=O)NC(c7ccccc7)c7ccccc7)N6C(=O)[C@H]5NC(=O)[C@H](CC)NC)nn4)cc3)nn1)CC[C@H]2C(=O)NC(c1ccccc1)c1ccccc1.O=C(O)C(F)(F)F,3.5
CHEMBL2204580,CC[C@H](NC)C(=O)N[C@@H]1C(=O)N2[C@@H](CC[C@@H]1CNC(=O)CCNc1c(NCCC(=O)NC[C@H]3CC[C@H]4CC[C@@H](C(=O)NC(c5ccccc5)c5ccccc5)N4C(=O)[C@H]3NC(=O)[C@H](CC)NC)c(=O)c1=O)CC[C@H]2C(=O)NC(c1ccccc1)c1ccccc1.O=C(O)C(F)(F)F,1.0
CHEMBL2204581,CC[C@H](NC)C(=O)N[C@@H]1C(=O)N2[C@@H](CC[C@@H]1CO)CC[C@H]2C(=O)N[C@@H](c1ccccc1)c1cn(CCCCc2ccc(CCCCn3cc([C@@H](NC(=O)[C@@H]4CC[C@@H]5CC[C@H](CO)[C@H](NC(=O)[C@H](CC)NC)C(=O)N54)c4ccccc4)nn3)cc2)nn1.O=C(O)C(F)(F)F,5.4
CHEMBL2204582,CC[C@H](NC)C(=O)N[C@@H]1C(=O)N2[C@@H](CC[C@@H]1CO)CC[C@H]2C(=O)N[C@H](C(=O)NCCCCCCCCNC(=O)[C@@H](NC(=O)[C@@H]1CC[C@@H]2CC[C@H](CO)[C@H](NC(=O)[C@H](CC)NC)C(=O)N21)c1ccccc1)c1ccccc1.O=C(O)C(F)(F)F,1.9
CHEMBL2205246,CC[C@H](NC)C(=O)N[C@@H]1C(=O)N2[C@@H](CC[C@@H]1CO)CC[C@H]2C(=O)N[C@H](C(=O)NCCCOCCOCCOCCCNC(=O)[C@@H](NC(=O)[C@@H]1CC[C@@H]2CC[C@H](CO)[C@H](NC(=O)[C@H](CC)NC)C(=O)N21)c1ccccc1)c1ccccc1.O=C(O)C(F)(F)F,1.5
CHEMBL2348613,CN[C@@H](C)C(=O)N[C@H]1CN(C(=O)CCc2ccc(CCC(=O)N3CC[C@H]4CC[C@@H](C(=O)NC(c5ccccc5)c5ccccc5)N4C(=O)[C@@H](NC(=O)[C@H](C)NC)C3)cc2)CC[C@H]2CC[C@@H](C(=O)NC(c3ccccc3)c3ccccc3)N2C1=O,74.6
CHEMBL2348614,CN[C@@H](C)C(=O)N[C@H]1CN(C(=O)Cc2ccc(CC(=O)N3CC[C@H]4CC[C@@H](C(=O)NC(c5ccccc5)c5ccccc5)N4C(=O)[C@@H](NC(=O)[C@H](C)NC)C3)cc2)CC[C@H]2CC[C@@H](C(=O)NC(c3ccccc3)c3ccccc3)N2C1=O,28.5
CHEMBL2348615,CN[C@@H](C)C(=O)N[C@H]1CN(C(=O)NCCCCCCCCNC(=O)N2CC[C@H]3CC[C@@H](C(=O)NC(c4ccccc4)c4ccccc4)N3C(=O)[C@@H](NC(=O)[C@H](C)NC)C2)CC[C@H]2CC[C@@H](C(=O)NC(c3ccccc3)c3ccccc3)N2C1=O,48.6
CHEMBL2348616,CN[C@@H](C)C(=O)N[C@H]1CN(C(=O)NCCCCNC(=O)N2CC[C@H]3CC[C@@H](C(=O)NC(c4ccccc4)c4ccccc4)N3C(=O)[C@@H](NC(=O)[C@H](C)NC)C2)CC[C@H]2CC[C@@H](C(=O)NC(c3ccccc3)c3ccccc3)N2C1=O,22.9
CHEMBL2348617,CN[C@@H](C)C(=O)N[C@H]1CN(C(=O)N2CCN(C(=O)N3CC[C@H]4CC[C@@H](C(=O)NC(c5ccccc5)c5ccccc5)N4C(=O)[C@@H](NC(=O)[C@H](C)NC)C3)CC2)CC[C@H]2CC[C@@H](C(=O)NC(c3ccccc3)c3ccccc3)N2C1=O,32.7
CHEMBL2348618,CN[C@@H](C)C(=O)N[C@H]1CN(C(=O)N[C@H]2CC[C@H](NC(=O)N3CC[C@H]4CC[C@@H](C(=O)NC(c5ccccc5)c5ccccc5)N4C(=O)[C@@H](NC(=O)[C@H](C)NC)C3)CC2)CC[C@H]2CC[C@@H](C(=O)NC(c3ccccc3)c3ccccc3)N2C1=O,30.6
CHEMBL2348619,CN[C@@H](C)C(=O)N[C@H]1CN(C(=O)Nc2ccc(Oc3ccc(NC(=O)N4CC[C@H]5CC[C@@H](C(=O)NC(c6ccccc6)c6ccccc6)N5C(=O)[C@@H](NC(=O)[C@H](C)NC)C4)cc3)cc2)CC[C@H]2CC[C@@H](C(=O)NC(c3ccccc3)c3ccccc3)N2C1=O,10.1
CHEMBL2348620,CN[C@@H](C)C(=O)N[C@H]1CN(C(=O)Nc2ccc(Cc3ccc(NC(=O)N4CC[C@H]5CC[C@@H](C(=O)NC(c6ccccc6)c6ccccc6)N5C(=O)[C@@H](NC(=O)[C@H](C)NC)C4)cc3)cc2)CC[C@H]2CC[C@@H](C(=O)NC(c3ccccc3)c3ccccc3)N2C1=O,28.4
CHEMBL2348621,CN[C@@H](C)C(=O)N[C@H]1CN(C(=O)NCc2cccc(CNC(=O)N3CC[C@H]4CC[C@@H](C(=O)NC(c5ccccc5)c5ccccc5)N4C(=O)[C@@H](NC(=O)[C@H](C)NC)C3)c2)CC[C@H]2CC[C@@H](C(=O)NC(c3ccccc3)c3ccccc3)N2C1=O,27.4
CHEMBL2348622,CN[C@@H](C)C(=O)N[C@H]1CN(C(=O)Nc2cccc(NC(=O)N3CC[C@H]4CC[C@@H](C(=O)NC(c5ccccc5)c5ccccc5)N4C(=O)[C@@H](NC(=O)[C@H](C)NC)C3)c2)CC[C@H]2CC[C@@H](C(=O)NC(c3ccccc3)c3ccccc3)N2C1=O,41.7
CHEMBL2348623,CN[C@@H](C)C(=O)N[C@H]1CN(C(=O)Nc2ccc(NC(=O)N3CC[C@H]4CC[C@@H](C(=O)NC(c5ccccc5)c5ccccc5)N4C(=O)[C@@H](NC(=O)[C@H](C)NC)C3)cc2)CC[C@H]2CC[C@@H](C(=O)NC(c3ccccc3)c3ccccc3)N2C1=O,21.7
CHEMBL3142652,CN[C@@H](C)C(=O)N[C@H](C(=O)N1C[C@H]2CCCN2C[C@H]1C(=O)N[C@@H]1CCOc2ccccc21)C1CCCCC1.Cl.Cl,2.1
CHEMBL3216147,CN[C@@H](C)C(=O)N[C@H](C(=O)N1C[C@H]2C[C@@H]3C[C@@H]3N2C[C@H]1C(=O)N[C@@H]1CCOc2ccccc21)C1CCCCC1.Cl.Cl,3.5
CHEMBL3216595,CN[C@@H](C)C(=O)N[C@H](C(=O)N1C[C@H]2C[C@H]3C[C@H]3N2C[C@H]1C(=O)N[C@@H]1CCOc2ccccc21)C1CCCCC1.Cl.Cl,28.0
CHEMBL2431755,CN[C@@H](C)C(=O)N[C@@H]1C(=O)N(Cc2c(C#N)n(-c3ccccc3C#N)c3ccccc23)c2ccccc2OC12CCOCC2.Cl,55000.0
CHEMBL2431768,CN[C@@H](C)C(=O)N[C@H](C(=O)N1CCC[C@H]1c1nc(C(=O)c2ccc(F)cc2)cs1)C1CCCCC1,58.0
CHEMBL2436226,CN[C@@H](C)C(=O)N[C@@H]1C(=O)N(Cc2c(C)ccc3ccccc23)c2ccc(C#N)cc2N(C(C)=O)[C@H]1C.Cl,54800.0
CHEMBL3094403,CC[C@H](NC)C(=O)N[C@H](C(=O)N1C[C@@H]2Cc3cc(Cl)cc(Cl)c3N2C[C@H]1C(=O)N[C@@H]1CCOc2ccccc21)C1CCCCC1,1.4
CHEMBL3094404,CC[C@H](NC)C(=O)N[C@H](C(=O)N1C[C@@H]2Cc3cc(Cl)ccc3N2C[C@H]1C(=O)N[C@@H]1CCOc2ccccc21)C1CCCCC1,1.1
CHEMBL3094405,CC[C@H](NC)C(=O)N[C@H](C(=O)N1C[C@@H]2Cc3cc(C#N)ccc3N2C[C@H]1C(=O)N[C@@H]1CCOc2ccccc21)C1CCCCC1,1.0
CHEMBL3094406,CN[C@@H](C)C(=O)N[C@H](C(=O)N1C[C@@H]2CCCN2C[C@H]1C(=O)N[C@@H]1CCOc2ccccc21)C1CCCCC1,2.2
CHEMBL3094407,CC[C@H](NC)C(=O)N[C@H](C(=O)N1C[C@H]2CCCN2C[C@H]1C(=O)N[C@@H]1CCOc2ccccc21)C1CCCCC1,1.2
CHEMBL2365533,CN[C@@H](C)C(=O)N[C@H](C(=O)N1C[C@H]2CCCN2C[C@H]1C(=O)N[C@@H]1CCOc2ccccc21)C1CCCCC1,2.1
CHEMBL3094408,CC[C@H](NC)C(=O)N[C@H](C(=O)N1C[C@@H]2Cc3ccccc3N2C[C@H]1C(=O)N[C@@H]1CCOc2ccccc21)C1CCCCC1,1.4
CHEMBL3094409,CC[C@H](NC)C(=O)N[C@H](C(=O)N1C[C@H]2Cc3ccccc3N2C[C@H]1C(=O)N[C@@H]1CCOc2ccccc21)C1CCCCC1,1.7
CHEMBL3091493,CN[C@@H](C)C(=O)N[C@H](C(=O)N1C[C@H]2Cc3ccccc3N2C[C@H]1C(=O)N[C@@H]1CCOc2ccccc21)C1CCCCC1,2.8
CHEMBL3108827,CN[C@@H](C)C(=O)N[C@H](C(=O)N1CCC[C@H]1C(=O)N[C@H]1c2ccccc2C[C@H]1OCC#CC#CCO[C@@H]1Cc2ccccc2[C@@H]1NC(=O)[C@@H]1CCCN1C(=O)[C@@H](NC(=O)[C@H](C)NC)C1CCCCC1)C1CCCCC1,15.0
CHEMBL3108926,C#CCO[C@@H]1CCc2ccccc2[C@H]1NC(=O)[C@@H]1CCCN1C(=O)[C@@H](NC(=O)[C@H](C)NC)C(C)(C)C,290.0
CHEMBL3108925,C#CCO[C@H]1CCc2ccccc2[C@@H]1NC(=O)[C@@H]1CCCN1C(=O)[C@@H](NC(=O)[C@H](C)NC)C(C)(C)C,14.0
CHEMBL3108924,C#CCO[C@H]1CCc2ccccc2[C@H]1NC(=O)[C@@H]1CCCN1C(=O)[C@@H](NC(=O)[C@H](C)NC)C(C)(C)C,40.0
CHEMBL3108923,C#CCO[C@@H]1CCc2ccccc2[C@@H]1NC(=O)[C@@H]1CCCN1C(=O)[C@@H](NC(=O)[C@H](C)NC)C(C)(C)C,10.0
CHEMBL3236070,CN[C@@H](C)C(=O)N[C@H]1CCC[C@H]2SC(C)(C)C(C(=O)Nc3cc(C)nn3-c3ccccc3)N2C1=O,50.0
CHEMBL1950720,CN[C@@H](C)C(=O)N[C@H](C(=O)N1CC[C@H]2CCN(CCc3ccccc3)C[C@H]21)C1CCCCC1,27.0
CHEMBL3233043,CN[C@@H](C)C(=O)N[C@H]1CCC[C@H]2C[C@H]3CCN(CCc4ccccc4)C[C@H]3N2C1=O,39.0
CHEMBL3236071,CN[C@@H](C)C(=O)N[C@H]1CCC[C@H]2C[C@H]3CCN(CCc4ccc(Br)cc4)C[C@H]3N2C1=O,24.0
CHEMBL3236072,CN[C@@H](C)C(=O)N[C@H]1CCC[C@H]2C[C@H]3CCN(CCc4ccccc4F)C[C@H]3N2C1=O,35.0
CHEMBL3236073,CN[C@@H](C)C(=O)N[C@H]1CCC[C@H]2C[C@H]3CCN(CCc4ccc(F)cc4)C[C@H]3N2C1=O,21.0
CHEMBL3236074,CN[C@@H](C)C(=O)N[C@H]1CCC[C@H]2C[C@H]3CCN(CCc4ccccc4OC)C[C@H]3N2C1=O,44.0
CHEMBL3236075,CN[C@@H](C)C(=O)N[C@H]1CCC[C@H]2C[C@H]3CCN(CCc4cccc(OC)c4)C[C@H]3N2C1=O,70.0
CHEMBL3236076,CN[C@@H](C)C(=O)N[C@H]1CCC[C@H]2C[C@H]3CCN(CCc4ccc(OC)cc4)C[C@H]3N2C1=O,160.0
CHEMBL3236077,CN[C@@H](C)C(=O)N[C@H]1CCC[C@H]2C[C@H]3CCN(CCc4ccc(O)cc4)C[C@H]3N2C1=O,55.0
CHEMBL3236078,CN[C@@H](C)C(=O)N[C@H]1CCC[C@H]2C[C@H]3CCN(CCc4ccccc4C)C[C@H]3N2C1=O,36.0
CHEMBL3236079,CN[C@@H](C)C(=O)N[C@H]1CCC[C@H]2C[C@H]3CCN(CCc4cccc(C)c4)C[C@H]3N2C1=O,100.0
CHEMBL3236080,CN[C@@H](C)C(=O)N[C@H]1CCC[C@H]2C[C@H]3CCN(CCc4ccc(C)cc4)C[C@H]3N2C1=O,73.0
CHEMBL3236081,CN[C@@H](C)C(=O)N[C@H]1CCC[C@H]2C[C@H]3CCN(CCc4ccc(Cl)cc4)C[C@H]3N2C1=O,37.0
CHEMBL3236366,CN[C@@H](C)C(=O)N[C@H]1CCC[C@H]2C[C@H]3CCN(CCc4ccc(Cl)c(Cl)c4)C[C@H]3N2C1=O,42.0
CHEMBL3236367,CN[C@@H](C)C(=O)N[C@H]1CCC[C@H]2C[C@H]3CCN(CCc4ccc([N+](=O)[O-])cc4)C[C@H]3N2C1=O,44.0
CHEMBL3233046,CN[C@@H](C)C(=O)N[C@H]1CCC[C@H]2C[C@H]3CCN(CCc4ccc(C(F)(F)F)cc4)C[C@H]3N2C1=O,89.0
CHEMBL3236368,CN[C@@H](C)C(=O)N[C@H]1CCC[C@H]2C[C@H]3CCN(CC(C)c4ccccc4)C[C@H]3N2C1=O,180.0
CHEMBL3236369,CN[C@@H](C)C(=O)N[C@H]1CCC[C@H]2C[C@H]3CCN(CCc4c[nH]c5ccccc45)C[C@H]3N2C1=O,63.0
CHEMBL3236370,CN[C@@H](C)C(=O)N[C@H]1CCC[C@H]2C[C@H]3CCN(CCc4scnc4C)C[C@H]3N2C1=O,290.0
CHEMBL3236371,CN[C@@H](C)C(=O)N[C@H]1CCC[C@H]2C[C@H]3CCN(CCc4ccccn4)C[C@H]3N2C1=O,400.0
CHEMBL3236372,CN[C@@H](C)C(=O)N[C@H]1CCC[C@H]2C[C@H]3CCN(CCC4=C(C)OCN4C)C[C@H]3N2C1=O,1900.0
CHEMBL3236373,CN[C@@H](C)C(=O)N[C@H]1CCC[C@H]2C[C@H]3CCN(CCc4nc5cc(C)ccc5[nH]4)C[C@H]3N2C1=O,2500.0
CHEMBL3236374,CN[C@@H](C)C(=O)N[C@H]1CCC[C@H]2C[C@H]3CCN(Cc4ccccc4)C[C@H]3N2C1=O,450.0
CHEMBL3236375,CN[C@@H](C)C(=O)N[C@H]1CCC[C@H]2C[C@H]3CCN(CCCc4ccccc4)C[C@H]3N2C1=O,1300.0
CHEMBL3236376,CN[C@@H](C)C(=O)N[C@H]1CCC[C@H]2C[C@H]3CCN(CCC4CCCCC4)C[C@H]3N2C1=O,320.0
CHEMBL3236377,CN[C@@H](C)C(=O)N[C@H]1CCC[C@H]2C[C@H]3CCN(CC4CCCCC4)C[C@H]3N2C1=O,510.0
CHEMBL3236378,CN[C@@H](C)C(=O)N[C@H]1CCC[C@H]2C[C@H]3CCN(CC(C)C)C[C@H]3N2C1=O,2800.0
CHEMBL3236379,CN[C@@H](C)C(=O)N[C@H]1CCC[C@H]2C[C@H]3CCN(C(c4ccccc4)c4ccccc4)C[C@H]3N2C1=O,9500.0
CHEMBL3236380,CCCCN1CC[C@@H]2C[C@@H]3CCC[C@H](NC(=O)[C@H](C)NC)C(=O)N3[C@@H]2C1,1200.0
CHEMBL3236381,CN[C@@H](C)C(=O)N[C@H]1CCC[C@H]2C[C@H]3CCN(C(=O)Cc4ccccc4)C[C@H]3N2C1=O,66.0
CHEMBL3236382,CN[C@@H](C)C(=O)N[C@H]1CCC[C@H]2C[C@H]3CCN(C(=O)C(c4ccccc4)c4ccccc4)C[C@H]3N2C1=O,370.0
CHEMBL3236383,C#CCOCC(C(=O)N1CC[C@@H]2C[C@@H]3CCC[C@H](NC(=O)[C@H](C)NC)C(=O)N3[C@@H]2C1)c1ccccc1,200.0
CHEMBL3236384,CN[C@@H](C)C(=O)N[C@H]1CCC[C@H]2C[C@H]3CCN(C(=O)c4ccccc4)C[C@H]3N2C1=O,10000.0
CHEMBL3236385,CN[C@@H](C)C(=O)N[C@H]1CCC[C@H]2C[C@H]3CCN(C(=O)OCc4ccccc4)C[C@H]3N2C1=O,220.0
CHEMBL3236386,CN[C@@H](C)C(=O)N[C@H]1CCC[C@H]2C[C@H]3CCN(C(=O)Oc4ccccc4)C[C@H]3N2C1=O,52.0
CHEMBL3236387,CN[C@@H](C)C(=O)N[C@H]1CCC[C@H]2C[C@H]3CCN(C(=O)Nc4ccccc4)C[C@H]3N2C1=O,220.0
CHEMBL3236388,CN[C@@H](C)C(=O)N[C@H]1CCC[C@H]2C[C@H]3CCN(S(=O)(=O)Cc4ccccc4)C[C@H]3N2C1=O,2800.0
CHEMBL3236389,CN[C@@H](C)C(=O)N[C@H]1CCC[C@H]2C[C@H]3CCN(S(=O)(=O)c4ccccc4)C[C@H]3N2C1=O,8000.0
CHEMBL3236390,CN[C@@H](C)C(=O)N[C@H]1CCC[C@H]2C[C@H]3CCN(C(=O)C(OCC#CC#CCOC(C(=O)N4CC[C@@H]5C[C@@H]6CCC[C@H](NC(=O)[C@H](C)NC)C(=O)N6[C@@H]5C4)c4ccccc4)c4ccccc4)C[C@H]3N2C1=O,3.0
CHEMBL3236391,CN[C@@H](C)C(=O)N[C@H]1CCC[C@@H]2C[C@H]3CCN(CCc4ccccc4)C[C@H]3N2C1=O,10000.0
CHEMBL3339214,CN[C@@H](C)C(=O)N[C@H](C(=O)N1Cc2cc(NC(=O)c3ccc(C(=O)N[C@H]4C[C@@H](C(=O)N[C@@H]5CCCc6ccccc65)N(C(=O)[C@@H](NC(=O)[C@H](C)NC)C(C)(C)C)C4)cc3)ccc2C[C@H]1C(=O)N[C@@H]1CCCc2ccccc21)C(C)(C)C,15.0
CHEMBL3339215,CN[C@@H](C)C(=O)N[C@H](C(=O)N1Cc2cc(OCc3ccc(C(=O)N[C@H]4C[C@@H](C(=O)N[C@@H]5CCCc6ccccc65)N(C(=O)[C@@H](NC(=O)[C@H](C)NC)C(C)(C)C)C4)cc3)ccc2C[C@H]1C(=O)N[C@@H]1CCCc2ccccc21)C(C)(C)C,76.0
CHEMBL3339216,CN[C@@H](C)C(=O)N[C@H](C(=O)N1Cc2cc(C#Cc3ccc(C(=O)N[C@H]4C[C@@H](C(=O)N[C@@H]5CCCc6ccccc65)N(C(=O)[C@@H](NC(=O)[C@H](C)NC)C(C)(C)C)C4)cc3)ccc2C[C@H]1C(=O)N[C@@H]1CCCc2ccccc21)C(C)(C)C,79.0
CHEMBL3339217,CN[C@@H](C)C(=O)N[C@H](C(=O)N1Cc2cc(CCc3ccc(C(=O)N[C@H]4C[C@@H](C(=O)N[C@@H]5CCCc6ccccc65)N(C(=O)[C@@H](NC(=O)[C@H](C)NC)C(C)(C)C)C4)cc3)ccc2C[C@H]1C(=O)N[C@@H]1CCCc2ccccc21)C(C)(C)C,25.0
CHEMBL3339218,CN[C@@H](C)C(=O)N[C@H](C(=O)N1Cc2cc(C(=O)Nc3nc4cc(C(=O)N[C@H]5C[C@@H](C(=O)N[C@@H]6CCCc7ccccc76)N(C(=O)[C@@H](NC(=O)[C@H](C)NC)C(C)(C)C)C5)ccc4s3)ccc2C[C@H]1C(=O)N[C@@H]1CCCc2ccccc21)C(C)(C)C,11.0
CHEMBL3339219,CN[C@@H](C)C(=O)N[C@H](C(=O)N1Cc2cc(C(=O)Nc3ncc(C(=O)N[C@H]4C[C@@H](C(=O)N[C@@H]5CCCc6ccccc65)N(C(=O)[C@@H](NC(=O)[C@H](C)NC)C(C)(C)C)C4)o3)ccc2C[C@H]1C(=O)N[C@@H]1CCCc2ccccc21)C(C)(C)C,2.0
CHEMBL3339220,CN[C@@H](C)C(=O)N[C@H](C(=O)N1C[C@@H](NC(=O)c2ccc(CN(C(=O)[C@@H]3Cc4ccccc4CN3C(=O)[C@@H](NC(=O)[C@H](C)NC)C(C)(C)C)[C@H]3CCCc4ccccc43)cc2)C[C@H]1C(=O)N[C@@H]1CCCc2ccccc21)C(C)(C)C,25.0
CHEMBL3339221,CN[C@@H](C)C(=O)N[C@H](C(=O)N1C[C@@H](NC(=O)c2ccc(CN(C(=O)[C@@H]3Cc4ccccc4CN3C(=O)[C@@H](NC(=O)[C@H](C)NC)C(C)(C)C)[C@H](C)c3ccccc3F)cc2)C[C@H]1C(=O)N[C@@H]1CCCc2ccccc21)C(C)(C)C,7.0
CHEMBL3339223,CN[C@@H](C)C(=O)N[C@H](C(=O)N1C[C@@H](NC(=O)c2ccc(CN(C(=O)[C@@H]3Cc4ccccc4CN3C(=O)[C@@H](NC(=O)[C@H](C)NC)C(C)(C)C)[C@@H](COC)c3ccccc3)cc2)C[C@H]1C(=O)N[C@@H]1CCCc2ccccc21)C(C)(C)C,5.0
CHEMBL3339224,CN[C@@H](C)C(=O)N[C@H](C(=O)N1C[C@@H](NC(=O)c2ccc(CN(C(=O)[C@@H]3Cc4ccccc4CN3C(=O)[C@@H](NC(=O)[C@H](C)NC)C(C)(C)C)[C@H](COC)c3ccccc3)cc2)C[C@H]1C(=O)N[C@@H]1CCCc2ccccc21)C(C)(C)C,8.0
CHEMBL3410871,CN[C@@H](C)C(=O)N[C@H](C(=O)N1Cc2cc(NC(=O)C3(C(=O)N[C@H]4C[C@@H](C(=O)N[C@@H]5CCCc6ccccc65)N(C(=O)[C@@H](NC(=O)[C@H](C)NC)C(C)(C)C)C4)CCC3)ccc2C[C@H]1C(=O)N[C@@H]1CCCc2ccccc21)C(C)(C)C,4.0
CHEMBL3410872,CN[C@@H](C)C(=O)N[C@H](C(=O)N1Cc2cc(NC(=O)C(=O)N[C@H]3C[C@@H](C(=O)N[C@@H]4CCCc5ccccc54)N(C(=O)[C@@H](NC(=O)[C@H](C)NC)C(C)(C)C)C3)ccc2C[C@H]1C(=O)N[C@@H]1CCCc2ccccc21)C(C)(C)C,4.8
CHEMBL3410873,CN[C@@H](C)C(=O)N[C@H](C(=O)N1Cc2cc(NCC(=O)N[C@H]3C[C@@H](C(=O)N[C@@H]4CCCc5ccccc54)N(C(=O)[C@@H](NC(=O)[C@H](C)NC)C(C)(C)C)C3)ccc2C[C@H]1C(=O)N[C@@H]1CCCc2ccccc21)C(C)(C)C,4.7
CHEMBL3410874,CN[C@@H](C)C(=O)N[C@H](C(=O)N1Cc2cc(NC(=O)N[C@H]3C[C@@H](C(=O)N[C@@H]4CCCc5ccccc54)N(C(=O)[C@@H](NC(=O)[C@H](C)NC)C(C)(C)C)C3)ccc2C[C@H]1C(=O)N[C@@H]1CCCc2ccccc21)C(C)(C)C,5.6
CHEMBL3039522,CC[C@H](NC(=O)[C@H](C)NC)C(=O)N1C[C@@H](O)C[C@H]1Cc1c(-c2[nH]c3cc(F)ccc3c2C[C@@H]2C[C@H](O)CN2C(=O)[C@H](CC)NC(=O)[C@H](C)NC)[nH]c2cc(F)ccc12,50.0
CHEMBL3410875,CN[C@@H](C)C(=O)N[C@H](C(=O)N1Cc2cc(NC(=O)[C@H]3C[C@@H](C(=O)N[C@@H]4CCCc5ccccc54)N(C(=O)[C@@H](NC(=O)[C@H](C)NC)C(C)(C)C)C3)ccc2C[C@H]1C(=O)N[C@@H]1CCCc2ccccc21)C(C)(C)C,2.9
CHEMBL3410876,CN[C@@H](C)C(=O)N[C@H](C(=O)N1Cc2cc(C(=O)N[C@H]3C[C@@H](C(=O)N[C@@H]4CCCc5ccccc54)N(C(=O)[C@@H](NC(=O)[C@H](C)NC)C(C)(C)C)C3)ccc2C[C@H]1C(=O)N[C@@H]1CCCc2ccccc21)C(C)(C)C,4.5
CHEMBL3410877,CN[C@@H](C)C(=O)N[C@H](C(=O)N1Cc2cc(N[C@H]3C[C@@H](C(=O)N[C@@H]4CCCc5ccccc54)N(C(=O)[C@@H](NC(=O)[C@H](C)NC)C(C)(C)C)C3)ccc2C[C@H]1C(=O)N[C@@H]1CCCc2ccccc21)C(C)(C)C,3.4
CHEMBL3410878,CN[C@@H](C)C(=O)N[C@H](C(=O)N1Cc2cc(O[C@H]3C[C@@H](C(=O)N[C@@H]4CCCc5ccccc54)N(C(=O)[C@@H](NC(=O)[C@H](C)NC)C(C)(C)C)C3)ccc2C[C@H]1C(=O)N[C@@H]1CCCc2ccccc21)C(C)(C)C,3.6
CHEMBL3410879,CN[C@@H](C)C(=O)N[C@H](C(=O)N1Cc2cc([C@H]3C[C@@H](C(=O)N[C@@H]4CCCc5ccccc54)N(C(=O)[C@@H](NC(=O)[C@H](C)NC)C(C)(C)C)C3)ccc2C[C@H]1C(=O)N[C@@H]1CCCc2ccccc21)C(C)(C)C,4.9
CHEMBL3410807,CN[C@@H](C)C(=O)N[C@H](C(=O)N1Cc2cc(NC(=O)c3ccc(CCN[C@H]4C[C@@H](C(=O)N[C@@H]5CCCc6ccccc65)N(C(=O)[C@@H](NC(=O)[C@H](C)NC)C(C)(C)C)C4)cc3)ccc2C[C@H]1C(=O)N[C@@H]1CCCc2ccccc21)C(C)(C)C,4.2
CHEMBL3410808,CN[C@@H](C)C(=O)N[C@H](C(=O)N1Cc2cc(NC(=O)CCCC(=O)N[C@H]3C[C@@H](C(=O)N[C@@H]4CCCc5ccccc54)N(C(=O)[C@@H](NC(=O)[C@H](C)NC)C(C)(C)C)C3)ccc2C[C@H]1C(=O)N[C@@H]1CCCc2ccccc21)C(C)(C)C,3.4
CHEMBL3410809,CN[C@@H](C)C(=O)N[C@H](C(=O)N1Cc2cc(NC(=O)C(F)(F)C(F)(F)C(F)(F)C(=O)N[C@H]3C[C@@H](C(=O)N[C@@H]4CCCc5ccccc54)N(C(=O)[C@@H](NC(=O)[C@H](C)NC)C(C)(C)C)C3)ccc2C[C@H]1C(=O)N[C@@H]1CCCc2ccccc21)C(C)(C)C,17.0
CHEMBL3414727,CN[C@@H](C)C(=O)N[C@H](C(=O)N1C[C@@H]2C[C@H]1C(=O)N[C@@H](Cc1ccc3ccccc3c1)C(=O)N[C@H](C(=O)O)Cc1ccc(cc1)OCc1cn(nn1)[C@H]1C[C@@H](C(=O)N[C@@H](Cc3ccc4ccccc4c3)C(=O)N[C@H](C(=O)O)Cc3ccc(cc3)OCc3cn2nn3)N(C(=O)[C@@H](NC(=O)[C@H](C)NC)C2CCCCC2)C1)C1CCCCC1,7.0
CHEMBL3414728,CN[C@@H](C)C(=O)N[C@H](C(=O)N1C[C@@H]2C[C@H]1C(=O)N[C@@H](Cc1ccc3ccccc3c1)C(=O)N[C@H](C(=O)O)Cc1ccc(cc1)OCc1cn(nn1)[C@H]1C[C@@H](C(=O)N[C@@H](Cc3ccc4ccccc4c3)C(=O)N[C@H](C(=O)O)Cc3ccc(cc3)OCc3cn2nn3)N(C(=O)[C@@H](NC(=O)[C@H](C)NC)C(C)(C)C)C1)C(C)(C)C,5.0
CHEMBL3414729,CN[C@@H](C)C(=O)N[C@H](C(=O)N1C[C@@H]2C[C@H]1C(=O)N[C@@H](Cc1ccc3ccccc3c1)C(=O)N[C@H](C(=O)O)Cc1cn(nn1)[C@H]1C[C@@H](C(=O)N[C@@H](Cc3ccc4ccccc4c3)C(=O)N[C@H](C(=O)O)Cc3cn2nn3)N(C(=O)[C@@H](NC(=O)[C@H](C)NC)C(C)C)C1)C(C)C,3.0
CHEMBL3601398,COc1cc2c(cc1OC(C)C)[C@H](c1ccc(Cl)cc1)N(c1ccc(N(C)C[C@H]3CC[C@H](N4CCN(C)C(=O)C4)CC3)cc1)C(=O)C2,50000.0
CHEMBL181785,CC(C)[C@H](NC(=O)[C@H](C)N)C(N)=O,24000.0
CHEMBL3600720,C[C@H](N)C(=O)Nc1cccc(N)n1,27000.0
CHEMBL3600732,C[C@@H]1CN(CC(=O)N2CCc3cnc(Cl)cc32)CCN1,20000.0
CHEMBL3600721,C[C@@H]1CN(CC(=O)N2CCCC2)CCN1,410000.0
CHEMBL3600733,C[C@@H]1CN(CC(=O)N2CC(C)(C)c3ccc(Cl)cc32)CCN1,3700.0
CHEMBL3600734,COC[C@H]1CN[C@H](C)CN1CC(=O)N1CC(C)(C)c2ccc(Cl)cc21,650.0
CHEMBL3600735,COC[C@H]1CN[C@H](C)CN1CC(=O)N1CC(C)(C)c2cnc(Cl)cc21,320.0
CHEMBL3600717,COC[C@H]1CN[C@H](C)CN1CC(=O)N1CC(C)(C)c2cnc(Cc3ccccc3)cc21,10.0
CHEMBL3700080,C[C@@H]1CN(CC(=O)N2CC(C)(C)c3cnc(C(F)(F)C4CC4)cc32)[C@@H](CN2CCCC2=O)CN1,14.0
CHEMBL3700003,COC[C@H]1CN[C@H](C)CN1CC(=O)N1CC(C)(C)c2cnc(-c3cnn(C)c3)cc21,550.0
CHEMBL3699023,CN[C@@H](C)C(=O)N[C@H]1CN(S(=O)(=O)CCC/C=C/CCCS(=O)(=O)N2CC[C@H]3CC[C@@H](C(=O)NC(c4ccccc4)c4ccccc4)N3C(=O)[C@@H](NC(=O)[C@H](C)NC)C2)CC[C@H]2CCC(C(=O)NC(c3ccccc3)c3ccccc3)N2C1=O,100.0
CHEMBL3699947,COC[C@H]1CN[C@H](C)CN1CC(=O)N1CC(C)(C)c2cc(F)c(S(=O)(=O)c3ccc(OC)cc3)cc21,67.0
CHEMBL3699967,COC[C@H]1CN[C@H](C)CN1CC(=O)N1CC(C)(C)c2cnc(Cc3cccc(Cl)c3)cc21,12.0
CHEMBL3700038,Cc1cnn(C[C@H]2CN[C@H](C)CN2CC(=O)N2CC3(Cc4ccccc4C3)c3ccc(C#N)cc32)c1,110.0
CHEMBL3696521,C[C@@H]1CN(CC(=O)N2CC3(CCC3)c3ccc(Cl)cc32)CCN1,8200.0
CHEMBL3700045,COC[C@H]1CN[C@H](C)CN1CC(=O)N1C[C@](C)(COC)c2ccc(Br)cc21,890.0
CHEMBL3699041,CN[C@@H](C)C(=O)N[C@H]1CN(C(=O)Nc2ccc(NC(=O)N3CC[C@H]4CC[C@@H](C(=O)N[C@@H]5C[C@@H]5c5ccccc5)N4C(=O)[C@@H](NC(=O)[C@H](C)NC)C3)cc2)CC[C@H]2CC[C@@H](C(=O)N[C@@H]3C[C@@H]3c3ccccc3)N2C1=O,1000.0
CHEMBL3699999,COC[C@H]1CN[C@H](C)CN1CC(=O)N1CC(C)(C)c2cnc(Oc3c(C)cccc3C)cc21,96.0
CHEMBL3700039,C[C@@H]1CN(CC(=O)N2CC(C)(C)c3ccc(C#N)cc32)CCN1,7900.0
CHEMBL3699960,COC[C@H]1CN[C@H](C)CN1CC(=O)N1CC(C)(C)c2cnc(Cc3ccccc3F)cc21,9.0
CHEMBL3700054,COC[C@H]1CN[C@H](C)CN1CC(=O)N1CC(C)(C)c2nnc(Cl)cc21,630.0
CHEMBL3699036,CNCC(=O)N[C@H]1CN(C(=O)N2CCN(C(=O)N3CC[C@H]4CC[C@@H](C(=O)NC(c5ccccc5)c5ccccc5)N4C(=O)[C@@H](NC(=O)[C@H](C)NC)C3)CC2)CC[C@H]2CCC(C(=O)NC(c3ccccc3)c3ccccc3)N2C1=O,300.0
CHEMBL3700081,CCC(F)(F)c1cc2c(cn1)C(C)(C)CN2C(=O)CN1C[C@@H](C)NC[C@@H]1CN1CC[C@@H](F)C1,24.0
CHEMBL3700007,COC[C@H]1CN[C@H](C)CN1CC(=O)N1CC(C)(C)c2cnc(Oc3c(F)cccc3F)cc21,120.0
CHEMBL3600728,C[C@@H]1CN(CC(=O)N2CCc3ccc(Cl)cc32)CCN1,29000.0
CHEMBL3700002,CCC1(C)CN(C(=O)CN2C[C@@H](C)NC[C@@H]2COC)c2cc(Cl)ccc21,520.0
CHEMBL3700067,CCC(F)(F)c1cc2c(cn1)C(C)(C)CN2C(=O)CN1C[C@@H](C)NC[C@@H]1CN1CCCC1=O,23.0
CHEMBL3696522,CNC(=O)[C@H]1CN[C@H](C)CN1CC(=O)N1CC(C)(C)c2cc(F)c(S(=O)(=O)c3ccccc3)cc21,130.0
CHEMBL3700049,COC[C@H]1CN[C@H](C)CN1CC(=O)N1C[C@](C)(c2cc(C)no2)c2ccc(Cc3ccccc3)cc21,190.0
CHEMBL3699998,COC[C@H]1CN[C@H](C)CN1CC(=O)N1CC(C)(C)c2cnc(C3CCCCC3)cc21,240.0
CHEMBL3700061,CCC(F)(F)c1cnc2c(c1)N(C(=O)CN1C[C@@H](C)NC[C@@H]1CN1CCCC1=O)CC2(C)C,29.0
CHEMBL3699951,COC[C@H]1CN[C@H](C)CN1CC(=O)N1CC(C)(C)c2cc(=O)n(Cc3ccccc3)cc21,17.0
CHEMBL3699048,CN[C@@H](C)C(=O)N[C@H]1CN(C(=O)Nc2ccc(NC(=O)N3CC[C@H]4CC[C@@H](C(=O)N[C@H]5CCC[C@@H]5c5ccccc5)N4C(=O)[C@@H](NC(=O)[C@H](C)NC)C3)cc2)CC[C@H]2CC[C@@H](C(=O)N[C@H]3CCC[C@@H]3c3ccccc3)N2C1=O,3000.0
CHEMBL3657134,C=CC(C=C)c1cccc2[nH]c([C@@H]3CC[C@@H]4CCN(C(=O)CCCCCCCCCCC(=O)N5CC[C@H]6CC[C@@H](c7nc8c(-c9ccccc9)cccc8[nH]7)N6C(=O)[C@@H](NC(=O)[C@H](C)NC)C5)C[C@H](NC(=O)[C@H](C)NC)C(=O)N43)nc12,50.0
CHEMBL3699956,COC[C@H]1CN[C@H](C)CN1CC(=O)N1CC(C)(C)c2cnc(CC(C)C)cc21,310.0
CHEMBL3699984,COC[C@H]1CN[C@H](C)CN1CC(=O)N1CC(C)(C)c2cnc(C#N)cc21,870.0
CHEMBL3696515,C[C@@H]1CN(CC(=O)N2CC(C)(C)c3cc(F)c(S(=O)(=O)N4CCCC4)cc32)CCN1,4100.0
CHEMBL3699033,CN[C@@H](C)C(=O)N[C@H]1CN(C(=O)Nc2ccc(CCc3ccc(NC(=O)N4CC[C@H]5CC[C@@H](C(=O)NC(c6ccccc6)c6ccccc6)N5C(=O)[C@@H](NC(=O)[C@H](C)NC)C4)cc3)cc2)CC[C@H]2CCC(C(=O)NC(c3ccccc3)c3ccccc3)N2C1=O,300.0
CHEMBL3700087,C[C@@H]1CN(CC(=O)N2CC(C)(C)c3ncc(C(C)(F)F)cc32)[C@@H](CN2CCc3cccnc32)CN1,140.0
CHEMBL3700040,COC[C@H]1CN[C@H](C)CN1CC(=O)N1CC(C)(c2cccnc2)c2ccc(Cc3ccccc3)cc21,13.0
CHEMBL3696488,C[C@@H]1CN(CC(=O)N2CCc3cc(F)ccc32)CCN1,170000.0
CHEMBL3696492,C[C@@H]1CN(CC(=O)N2CC(C)(C)c3c(Cl)cccc32)CCN1,17000.0
CHEMBL3699954,COC[C@H]1CN[C@H](C)CN1CC(=O)N1CC(C)(C)c2ccc(S(=O)(=O)Cc3ccccc3)cc21,820.0
CHEMBL3699983,COC[C@H]1CN[C@H](C)CN1CC(=O)N1CC(C)(C)c2cnc(N3CCCC3=O)cc21,650.0
CHEMBL3699987,COC[C@H]1CN[C@H](C)CN1CC(=O)N1CC(C)(C)c2cnc(C3=CCCCC3)cc21,23.0
CHEMBL3700023,COC[C@H]1CN[C@H](C)CN1CC(=O)N1CC(C)(c2ccccn2)c2ccc(Cc3ccccc3)cc21,12.0
CHEMBL3699979,COC[C@H]1CN[C@H](C)CN1CC(=O)N1CC(C)(C)c2cnc(Cc3ccc(OC)cc3)cc21,23.0
CHEMBL3699961,COC[C@H]1CN[C@H](C)CN1CC(=O)N1CC(C)(C)c2cnc(Cc3ccccc3Cl)cc21,35.0
CHEMBL3699958,COC[C@H]1CN[C@H](C)CN1CC(=O)N1CC(C)(C)c2cnc(CCC(C)C)cc21,16.0
CHEMBL3699061,CN[C@@H](C)C(=O)N[C@H]1CN(C(=O)NCCCCCCNC(=O)N2CC[C@H]3CC[C@@H](C(=O)NC4Cc5ccccc5C4)N3C(=O)[C@@H](NC(=O)[C@H](C)NC)C2)CC[C@H]2CCC(C(=O)NC3Cc4ccccc4C3)N2C1=O,10000.0
CHEMBL3696520,CNC(=O)[C@H]1CN[C@H](C)CN1CC(=O)N1CC(C)(C)c2ccc(Cl)cc21,2100.0
CHEMBL3700009,COC[C@H]1CN[C@H](C)CN1CC(=O)N1CC(C)(C)c2cnc(Oc3c(C)cccc3Cl)cc21,44.0
CHEMBL3700022,C[C@@H]1CN(CC(=O)N2CC(C)(c3ccccc3)c3ccc(C#N)cc32)[C@@H](Cn2cccn2)CN1,200.0
CHEMBL3699018,CN[C@@H](C)C(=O)N[C@H]1CN(C(=O)NCc2cccc(CNC(=O)N3CC[C@H]4CC[C@@H](C(=O)NC(c5ccccc5)c5ccccc5)N4C(=O)[C@@H](NC(=O)[C@H](C)NC)C3)c2)CC[C@H]2CCC(C(=O)NC(c3ccccc3)c3ccccc3)N2C1=O,100.0
CHEMBL3657131,CN[C@@H](C)C(=O)N[C@H]1CN(C(=O)CCCCOCCCCC(=O)N2CC[C@H]3CC[C@@H](c4nc5c(-c6ccccc6)cccc5[nH]4)N3C(=O)[C@@H](NC(=O)[C@H](C)NC)C2)CC[C@H]2CC[C@@H](c3nc4c(-c5ccccc5)cccc4[nH]3)N2C1=O,20.0
CHEMBL3696508,C[C@@H]1CN(CC(=O)N2CCc3cc(F)c(S(=O)(=O)c4ccccc4)cc32)CCN1,1300.0
CHEMBL3699053,CN[C@@H](C)C(=O)N[C@H]1CN(C(=O)Nc2ccc(NC(=O)N3CC[C@H]4CC[C@@H](C(=O)N[C@H]5C[C@@H]5c5ccc(C(F)(F)F)c(F)c5)N4C(=O)[C@@H](NC(=O)[C@H](C)NC)C3)cc2)CC[C@H]2CC[C@@H](C(=O)N[C@H]3C[C@@H]3c3ccc(C(F)(F)F)c(F)c3)N2C1=O,3000.0
CHEMBL3700047,C[C@@H]1CN(CC(=O)N2CC(C)(C)c3ncc(Cc4ccccc4)cc32)[C@@H](C(=O)N(C)C)CN1,11.0
CHEMBL3700085,C[C@@H]1CN(CC(=O)N2CC(C)(C)c3cnc(Cc4ccc(F)cc4F)cc32)[C@@H](CN2CCCC2)CN1,14.0
CHEMBL3696497,C[C@@H]1CN(CC(=O)N2CCc3cc(Br)c(S(=O)(=O)N(C)C)cc32)CCN1,27000.0
CHEMBL3699997,COC[C@H]1CN[C@H](C)CN1CC(=O)N1CC(C)(C)c2ccc(C#N)cc21,710.0
CHEMBL3600725,Cc1ccc2c(c1)N(C(=O)CN1CCN[C@H](C)C1)CC2,95000.0
CHEMBL3699057,CN[C@@H](C)C(=O)N[C@H]1CN(C(=O)NCCCCCCNC(=O)N2CC[C@H]3CC[C@@H](C(=O)N[C@H]4CCC[C@@H]4c4ccccc4)N3C(=O)[C@@H](NC(=O)[C@H](C)NC)C2)CC[C@H]2CCC(C(=O)N[C@H]3CCC[C@@H]3c3ccccc3)N2C1=O,1000.0
CHEMBL3699054,CN[C@@H](C)C(=O)N[C@H]1CN(C(=O)Nc2ccc(Cc3ccc(NC(=O)N4CC[C@H]5CC[C@@H](C(=O)N[C@H]6C[C@@H]6c6ccccc6)N5C(=O)[C@@H](NC(=O)[C@H](C)NC)C4)cc3)cc2)CC[C@H]2CCC(C(=O)N[C@H]3C[C@@H]3c3ccccc3)N2C1=O,3000.0
CHEMBL3699059,CN[C@@H](C)C(=O)N[C@H]1CN(C(=O)NCCCCCCNC(=O)N2CC[C@H]3CC[C@@H](C(=O)N[C@@H]4CCC[C@@H]4c4ccccc4)N3C(=O)[C@@H](NC(=O)[C@H](C)NC)C2)CC[C@H]2CCC(C(=O)N[C@@H]3CCC[C@@H]3c3ccccc3)N2C1=O,1000.0
CHEMBL3699981,C[C@@H]1CN(CC(=O)N2CC(C)(C)c3cnc(Cc4ccccc4)cc32)[C@@H](C(=O)N2CCC2)CN1,14.0
CHEMBL3699957,COC[C@H]1CN[C@H](C)CN1CC(=O)N1CC(C)(C)c2cnc(Oc3ccccc3)cc21,99.0
CHEMBL3700042,C[C@@H]1CN(CC(=O)N2CC(C)(C)c3cnc(Oc4ccccc4Cl)cc32)[C@@H](C(=O)N2CCOCC2)CN1,14.0
CHEMBL3696496,CNS(=O)(=O)c1cc2c(cc1Br)CCN2C(=O)CN1CCN[C@H](C)C1,60000.0
CHEMBL3699977,COC[C@H]1CN[C@H](C)CN1CC(=O)N1CC(C)(C)c2cnc(C(=O)c3ccccc3)cc21,77.0
CHEMBL3696490,COC(=O)c1ccc2c(c1)N(C(=O)CN1CCN[C@H](C)C1)CC2,6800.0
CHEMBL3699029,CN[C@@H](C)C(=O)N[C@H]1CN(C(=O)Nc2cccc(NC(=O)N3CC[C@H]4CC[C@@H](C(=O)NC(c5ccccc5)c5ccccc5)N4C(=O)[C@@H](NC(=O)[C@H](C)NC)C3)c2)CC[C@H]2CCC(C(=O)NC(c3ccccc3)c3ccccc3)N2C1=O,300.0
CHEMBL3699050,CN[C@@H](C)C(=O)N[C@H]1CN(C(=O)Nc2ccc(NC(=O)N3CC[C@H]4CC[C@@H](C(=O)N[C@H]5CCC[C@H]5c5ccccc5)N4C(=O)[C@@H](NC(=O)[C@H](C)NC)C3)cc2)CC[C@H]2CC[C@@H](C(=O)N[C@H]3CCC[C@H]3c3ccccc3)N2C1=O,1000.0
CHEMBL3639988,C[C@@H]1CN(CC(=O)N2CC(C)(C)c3cnc(Cc4ccccc4)cc32)[C@@H](CF)CN1,21.0
CHEMBL3700015,COC[C@H]1CN[C@H](C)CN1CC(=O)N1CC(C)(c2ccccc2)c2ccc(C#N)cc21,190.0
CHEMBL3699952,COC[C@H]1CN[C@H](C)CN1CC(=O)N1CC(C)(C)c2ccc(S(=O)(=O)N(C)C)cc21,1200.0
CHEMBL3699968,COC[C@H]1CN[C@H](C)CN1CC(=O)N1CC(C)(C)c2cnc(C(C)c3ccccc3)cc21,24.0
CHEMBL3699034,CN[C@@H](C)C(=O)N[C@H]1CN(C(=S)Nc2ccc(Cc3ccc(NC(=S)N4CC[C@H]5CC[C@@H](C(=O)NC(c6ccccc6)c6ccccc6)N5C(=O)[C@@H](NC(=O)[C@H](C)NC)C4)cc3)cc2)CC[C@H]2CCC(C(=O)NC(c3ccccc3)c3ccccc3)N2C1=O,300.0
CHEMBL3696502,C[C@@H]1CN(CC(=O)N2CCc3ccc(S(=O)(=O)c4ccccc4)cc32)CCN1,3800.0
CHEMBL3699975,COC[C@H]1CN[C@H](C)CN1CC(=O)N1CC(C)(C)c2ccc(Cc3ccccc3)cc21,14.0
CHEMBL3700033,C[C@@H]1CN(CC(=O)N2C[C@](C)(c3ccccc3)c3ccc(C#N)cc32)[C@@H](Cn2cccn2)CN1,260.0
CHEMBL3696512,C[C@@H]1CN(CC(=O)N2CC(C)(C)c3c(Cl)cc(Cl)cc32)CCN1,4800.0
CHEMBL3699051,CN[C@@H](C)C(=O)N[C@H]1CN(C(=O)Nc2ccc(NC(=O)N3CC[C@H]4CC[C@@H](C(=O)N[C@H]5C[C@@H]5c5ccc(C(F)(F)F)cc5)N4C(=O)[C@@H](NC(=O)[C@H](C)NC)C3)cc2)CC[C@H]2CC[C@@H](C(=O)N[C@H]3C[C@@H]3c3ccc(C(F)(F)F)cc3)N2C1=O,3000.0
CHEMBL3696505,C[C@@H]1CN(CC(=O)N2CCc3ccc(S(=O)(=O)N4CCCC4)cc32)CCN1,23000.0
CHEMBL3700018,COC[C@H]1CN[C@H](C)CN1CC(=O)N1C[C@@](C)(c2ccccc2)c2ccc(C#N)cc21,190.0
CHEMBL3696516,C[C@@H]1CN(CC(=O)N2CC3(CCCC3)c3ccc(Cl)cc32)CCN1,15000.0
CHEMBL3699042,CN[C@@H](C)C(=O)N[C@H]1CN(C(=O)Nc2ccc(NC(=O)N3CC[C@H]4CC[C@@H](C(=O)N[C@H]5C[C@H]5c5ccccc5)N4C(=O)[C@@H](NC(=O)[C@H](C)NC)C3)cc2)CC[C@H]2CC[C@@H](C(=O)N[C@H]3C[C@H]3c3ccccc3)N2C1=O,1000.0
CHEMBL3657133,CN[C@@H](C)C(=O)N[C@H]1CN(C(=O)CCCCCCC(=O)N2CC[C@H]3CC[C@@H](c4nc5c(-c6ccccc6)cccc5[nH]4)N3C(=O)[C@@H](NC(=O)[C@H](C)NC)C2)CC[C@H]2CC[C@@H](c3nc4c(-c5ccccc5)cccc4[nH]3)N2C1=O,20.0
CHEMBL3699025,CN[C@@H](C)C(=O)N[C@H]1CN(S(=O)(=O)CCCCCCCCS(=O)(=O)N2CC[C@H]3CC[C@@H](C(=O)NC(c4ccccc4)c4ccccc4)N3C(=O)[C@@H](NC(=O)[C@H](C)NC)C2)CC[C@H]2CCC(C(=O)NC(c3ccccc3)c3ccccc3)N2C1=O,100.0
CHEMBL3700031,C[C@@H]1CN(CC(=O)N2C[C@](C)(c3ccccc3)c3ccc(C#N)cc32)[C@@H](C(=O)N2CCOCC2)CN1,160.0
CHEMBL3699045,CN[C@@H](C)C(=O)N[C@H]1CN(C(=O)Nc2ccc(NC(=O)N3CC[C@H]4CC[C@@H](C(=O)N[C@@H]5C[C@H]5c5ccccc5)N4C(=O)[C@@H](NC(=O)[C@H](C)NC)C3)cc2)CC[C@H]2CC[C@@H](C(=O)N[C@@H]3C[C@H]3c3ccccc3)N2C1=O,3000.0
CHEMBL3700053,COC[C@H]1CN[C@H](C)CN1CC(=O)N1CC(C)(C)c2cnc(C(C)(F)F)cc21,250.0
CHEMBL3700024,COC[C@H]1CN[C@H](C)CN1CC(=O)N1CC(C)(C)c2cnc(-c3ccoc3)cc21,180.0
CHEMBL3696509,C[C@@H]1CN(CC(=O)N2CC(C)(C)c3ccc(Cc4ccccc4)cc32)[C@@H](CO)CN1,67.0
CHEMBL3700105,CC[C@@H]1COCCN1C[C@H]1CN[C@H](C)CN1CC(=O)N1CC(C)(C)c2ncc(C(F)(F)CC)cc21,14.0
CHEMBL3699962,COC[C@H]1CN[C@H](C)CN1CC(=O)N1CC(C)(C)c2cnc(CC3CCCCC3)cc21,25.0
CHEMBL3700020,COC[C@H]1CN[C@H](C)CN1CC(=O)N1CC(C)(C)c2cc(-c3nc(C)no3)c(Cl)cc21,280.0
CHEMBL3696486,C[C@@H]1CN(CC(=O)N2CCc3ccc(N(C)c4ccccc4)cc32)CCN1,79000.0
CHEMBL3699966,COC[C@H]1CN[C@H](C)CN1CC(=O)N1CC(C)(C)c2cnc(N(C)c3ccccc3)cc21,1300.0
CHEMBL3699989,C[C@@H]1CN(CC(=O)N2CC(C)(C)c3ccc(Cl)cc32)[C@@H](C(=O)N2CCOCC2)CN1,280.0
CHEMBL3696517,CCS(=O)(=O)c1cc2c(cc1F)C(C)(C)CN2C(=O)CN1CCN[C@H](C)C1,3200.0
CHEMBL3699056,CN[C@@H](C)C(=O)N[C@H]1CN(C(=O)NCCCCCCNC(=O)N2CC[C@H]3CC[C@@H](C(=O)N[C@@H]4CCCC[C@H]4c4ccccc4)N3C(=O)[C@@H](NC(=O)[C@H](C)NC)C2)CC[C@H]2CCC(C(=O)N[C@@H]3CCCC[C@H]3c3ccccc3)N2C1=O,5000.0
CHEMBL3699976,CC[C@H]1CN[C@H](C)CN1CC(=O)N1CC(C)(C)c2cnc(Cn3cccn3)cc21,680.0
CHEMBL3699963,COC[C@H]1CN[C@H](C)CN1CC(=O)N1CC(C)(C)c2cnc(Cc3cccc(C#N)c3)cc21,33.0
CHEMBL3700013,COC[C@H]1CN[C@H](C)CN1CC(=O)N1CC(C)(C)c2cc(C)c(C#N)cc21,590.0
CHEMBL3699062,CN[C@@H](C)C(=O)N[C@H]1CN(C(=O)NCCCCCCNC(=O)N2CC[C@H]3CC[C@@H](C(=O)NCCc4ccccc4)N3C(=O)[C@@H](NC(=O)[C@H](C)NC)C2)CC[C@H]2CCC(C(=O)NCCc3ccccc3)N2C1=O,1000.0
CHEMBL3696511,CC(=O)NC[C@H]1CN[C@H](C)CN1CC(=O)N1CC(C)(C)c2ccc(Cl)cc21,580.0
CHEMBL3700019,COC[C@H]1CN[C@H](C)CN1CC(=O)N1C[C@](C)(c2ccccc2)c2ccc(C#N)cc21,220.0
CHEMBL3699017,CN[C@@H](C)C(=O)N[C@H]1CN(C(=O)Nc2ccc(NC(=O)N3CC[C@H]4CC[C@@H](C(=O)NC(c5ccccc5)c5ccccc5)N4C(=O)[C@@H](NC(=O)[C@H](C)NC)C3)cc2)CC[C@H]2CCC(C(=O)NC(c3ccccc3)c3ccccc3)N2C1=O,100.0
CHEMBL3699016,CN[C@@H](C)C(=O)N[C@H]1CN(C(=O)NCCCCCCCCNC(=O)N2CC[C@H]3CC[C@@H](C(=O)NC(c4ccccc4)c4ccccc4)N3C(=O)[C@@H](NC(=O)[C@H](C)NC)C2)CC[C@H]2CCC(C(=O)NC(c3ccccc3)c3ccccc3)N2C1=O,300.0
CHEMBL3700079,CC(C)C(F)(F)c1cc2c(cn1)C(C)(C)CN2C(=O)CN1C[C@@H](C)NC[C@@H]1CN1CCCC1=O,22.0
CHEMBL3700001,C[C@@H]1CN(CC(=O)N2CC(C)(C)c3cnc(Cc4ccccc4)cc32)[C@@H](C(F)F)CN1,29.0
CHEMBL3700046,COC[C@H]1CN[C@H](C)CN1CC(=O)N1C[C@@](C)(COC)c2ccc(Br)cc21,320.0
CHEMBL3700029,C[C@@H]1CN(CC(=O)N2CC(C)(C)c3cnc(Oc4ccccc4Cl)cc32)[C@@H](C(=O)N(C)C)CN1,19.0
CHEMBL3699946,CCS(=O)(=O)c1ccc2c(c1)N(C(=O)CN1C[C@@H](C)NC[C@@H]1COC)CC2(C)C,500.0
CHEMBL3696519,C[C@@H]1CN(CC(=O)N2CC3(CC3)c3ccc(Cl)cc32)CCN1,9800.0
CHEMBL3699994,CC1(C)CN(C(=O)CN2CCNC(CF)C2)c2cc(Cc3ccccc3)ncc21,1500.0
CHEMBL3700089,C[C@@H]1CN(CC(=O)N2CC(C)(C)c3ncc(C(F)(F)C4CCC4)cc32)[C@@H](CN2CCCC2=O)CN1,21.0
CHEMBL3700027,C[C@@H]1CN(CC(=O)N2CC(C)(c3ccccc3)c3ccc(C#N)cc32)[C@@H](C(=O)N2CCOCC2)CN1,130.0
CHEMBL3699064,CN[C@@H](C)C(=O)N[C@H]1CN(C(=O)NCCCCCCNC(=O)N2CC[C@H]3CC[C@@H](C(=O)N[C@H]4C[C@H](c5ccccc5)C4)N3C(=O)[C@@H](NC(=O)[C@H](C)NC)C2)CC[C@H]2CCC(C(=O)N[C@H]3C[C@H](c4ccccc4)C3)N2C1=O,1000.0
CHEMBL3696501,C[C@@H]1CN(CC(=O)N2CCc3ccc(S(=O)(=O)N(C)C)cc32)CCN1,57000.0
CHEMBL3700094,CC(C)CC(F)(F)c1cnc2c(c1)N(C(=O)CN1C[C@@H](C)NC[C@@H]1CN1CCOCC1)CC2(C)C,21.0
CHEMBL3699026,CN[C@@H](C)C(=O)N[C@H]1CN(C(=O)Nc2ccc(Cc3ccc(NC(=O)N4CC[C@H]5CC[C@@H](C(=O)NC(c6ccccc6)c6ccccc6)N5C(=O)[C@@H](NC(=O)[C@H](C)NC)C4)cc3)cc2)CC[C@H]2CCC(C(=O)NC(c3ccccc3)c3ccccc3)N2C1=O,100.0
CHEMBL3700050,COC[C@H]1CN[C@H](C)CN1CC(=O)N1C[C@@](C)(c2cc(C)no2)c2ccc(Cc3ccccc3)cc21,11.0
CHEMBL3699978,COC[C@H]1CN[C@H](C)CN1CC(=O)N1CC(C)(C)c2cnc(Cc3cccc(F)c3)cc21,17.0
CHEMBL3600726,CC(C)c1ccc2c(c1)N(C(=O)CN1CCN[C@H](C)C1)CC2,63000.0
CHEMBL3700005,COC[C@H]1CN[C@H](C)CN1CC(=O)N1CC(C)(C)c2cnc(-c3ccsc3)cc21,86.0
CHEMBL3699944,C[C@@H]1CN(CC(=O)N2CC(C)(C)c3cc(F)c(S(=O)(=O)C4CC4)cc32)CCN1,2000.0
CHEMBL3699055,CN[C@@H](C)C(=O)N[C@H]1CN(C(=O)NCCCCCCNC(=O)N2CC[C@H]3CC[C@@H](C(=O)N[C@H]4CCCC[C@@H]4c4ccccc4)N3C(=O)[C@@H](NC(=O)[C@H](C)NC)C2)CC[C@H]2CCC(C(=O)N[C@H]3CCCC[C@@H]3c3ccccc3)N2C1=O,3000.0
CHEMBL3699052,CN[C@@H](C)C(=O)N[C@H]1CN(C(=O)Nc2ccc(NC(=O)N3CC[C@H]4CC[C@@H](C(=O)N[C@H]5C[C@@H]5c5ccc(C(F)(F)F)cc5F)N4C(=O)[C@@H](NC(=O)[C@H](C)NC)C3)cc2)CC[C@H]2CC[C@@H](C(=O)N[C@H]3C[C@@H]3c3ccc(C(F)(F)F)cc3F)N2C1=O,3000.0
CHEMBL3600730,C[C@@H]1CN(CC(=O)N2CCc3ccc(C(F)(F)F)cc32)CCN1,36000.0
CHEMBL3696489,CC(C)[C@H]1CN[C@H](C)CN1CC(=O)N1CCc2ccc(Br)cc21,1500.0
CHEMBL3699031,CN[C@@H](C)C(=O)N[C@H]1CN(C(=O)Nc2ccc(-c3ccc(NC(=O)N4CC[C@H]5CC[C@@H](C(=O)NC(c6ccccc6)c6ccccc6)N5C(=O)[C@@H](NC(=O)[C@H](C)NC)C4)c(C)c3)cc2C)CC[C@H]2CCC(C(=O)NC(c3ccccc3)c3ccccc3)N2C1=O,300.0
CHEMBL3700051,C[C@@H]1CN(CC(=O)N2CC(C)(C)c3cnc(Oc4ccccc4Cl)cc32)[C@@H](Cn2cc(F)cn2)CN1,18.0
CHEMBL3699060,CN[C@@H](C)C(=O)N[C@H]1CN(C(=O)NCCCCCCNC(=O)N2CC[C@H]3CC[C@@H](C(=O)N[C@H]4CCC[C@H]4c4ccccc4)N3C(=O)[C@@H](NC(=O)[C@H](C)NC)C2)CC[C@H]2CCC(C(=O)N[C@H]3CCC[C@H]3c3ccccc3)N2C1=O,3000.0
CHEMBL3700008,COC[C@H]1CN[C@H](C)CN1CC(=O)N1CC(C)(C(=O)OC)c2ccc(Br)cc21,480.0
CHEMBL3699965,COC[C@H]1CN[C@H](C)CN1CC(=O)N1CC(C)(C)c2cnc(Oc3ccccc3C)cc21,110.0
CHEMBL3700011,COC[C@H]1CN[C@H](C)CN1CC(=O)N1CC(C)(C)c2cnc(C(OC)c3ccccc3)cc21,45.0
CHEMBL3699950,COC[C@H]1CN[C@H](C)CN1CC(=O)N1CC(C)(C)c2cc(OC)ncc21,1300.0
CHEMBL3699945,COC[C@H]1CN[C@H](C)CN1CC(=O)N1CC(C)(C)c2cc(F)c(S(=O)(=O)c3ccccc3)cc21,45.0
CHEMBL3699020,CN[C@@H](C)C(=O)N[C@H]1CN(C(=O)Nc2ccc(NC(=O)N3CC[C@H]4CC[C@@H](C(=O)N[C@@H]5CCCc6ccccc65)N4C(=O)[C@@H](NC(=O)[C@H](C)NC)C3)cc2)CC[C@H]2CCC(C(=O)N[C@@H]3CCCc4ccccc43)N2C1=O,100.0
CHEMBL3699027,CN[C@@H](C)C(=O)N[C@H]1CN(C(=O)Nc2ccc(Cc3ccc(NC(=O)N4CC[C@H]5CC[C@@H](C(=O)N[C@@H]6CCCc7ccccc76)N5C(=O)[C@@H](NC(=O)[C@H](C)NC)C4)cc3)cc2)CC[C@H]2CCC(C(=O)N[C@@H]3CCCc4ccccc43)N2C1=O,100.0
CHEMBL3600724,COc1ccc2c(c1)N(C(=O)CN1CCN[C@H](C)C1)CC2,78000.0
CHEMBL3700059,C[C@@H]1CN(CC(=O)N2CC(C)(C)c3ncc(C(C)(F)F)cc32)[C@@H](CN2CCCC2=O)CN1,40.0
CHEMBL3699035,CN[C@@H](C)C(=O)N[C@H]1CN(C(=O)Nc2ccc(Sc3ccc(NC(=O)N4CC[C@H]5CC[C@@H](C(=O)NC(c6ccccc6)c6ccccc6)N5C(=O)[C@@H](NC(=O)[C@H](C)NC)C4)cc3)cc2)CC[C@H]2CCC(C(=O)NC(c3ccccc3)c3ccccc3)N2C1=O,100.0
CHEMBL3700006,COC[C@H]1CN[C@H](C)CN1CC(=O)N1CC(C)(COC)c2ccc(Br)cc21,350.0
CHEMBL3699995,CC1(C)CN(C(=O)CN2CCN[C@H](CF)C2)c2cc(Cc3ccccc3)ncc21,670.0
CHEMBL3700055,C[C@@H]1CN(CC(=O)N2CC(C)(C)c3cnc(C(C)(F)F)cc32)[C@@H](CN2CCCC2=O)CN1,31.0
CHEMBL3699038,CN[C@@H](C)C(=O)N[C@H]1CN(C(=O)Oc2ccc(C(C)(C)c3ccc(OC(=O)N4CC[C@H]5CC[C@@H](C(=O)NC(c6ccccc6)c6ccccc6)N5C(=O)[C@@H](NC(=O)[C@H](C)NC)C4)cc3)cc2)CC[C@H]2CCC(C(=O)NC(c3ccccc3)c3ccccc3)N2C1=O,300.0
CHEMBL3699991,COC[C@H]1CN[C@H](C)CN1CC(=O)N1CC(C)(C)c2cnc(Oc3ccccc3Cl)cc21,35.0
CHEMBL3700017,C[C@@H]1CN(CC(=O)N2CC(C)(C)c3ccc(Cl)cc32)[C@@H](Cn2cccn2)CN1,330.0
CHEMBL3696498,CNS(=O)(=O)c1ccc2c(c1)N(C(=O)CN1CCN[C@H](C)C1)CC2,59000.0
CHEMBL3699974,C=C(c1ccccc1)c1cc2c(cn1)C(C)(C)CN2C(=O)CN1C[C@@H](C)NC[C@@H]1COC,59.0
CHEMBL3696506,C[C@@H]1CN(CC(=O)N2CCc3cnc(-c4cc(Cl)ccc4F)cc32)CCN1,2100.0
CHEMBL3699021,CN[C@@H](C)C(=O)N[C@H]1CN(C(=O)NCc2cccc(CNC(=O)N3CC[C@H]4CC[C@@H](C(=O)N[C@@H]5CCCc6ccccc65)N4C(=O)[C@@H](NC(=O)[C@H](C)NC)C3)c2)CC[C@H]2CCC(C(=O)N[C@@H]3CCCc4ccccc43)N2C1=O,100.0
CHEMBL3700091,C[C@@H]1CN(CC(=O)N2CC(C)(C)c3ncc(C(F)(F)CC4CC4)cc32)[C@@H](CN2CCOCC2)CN1,9.5
CHEMBL3696495,C[C@@H]1CN(CC(=O)N2CCc3cc(F)c(-c4ccccc4)cc32)CCN1,2000.0
CHEMBL3696513,C[C@@H]1CN(CC(=O)N2CC(C)(C)c3cc(F)c(S(=O)(=O)c4ccccc4)cc32)CCN1,390.0
CHEMBL3696507,C[C@@H]1CN(CC(=O)N2CC(C)(C)c3ccc(Cl)cc32)[C@@H](CO)CN1,820.0
CHEMBL3600729,C[C@@H]1CN(CC(=O)N2CCc3ccc(Br)cc32)CCN1,40000.0
CHEMBL3699996,CC1(C)CN(C(=O)CN2CCN[C@@H](CF)C2)c2cc(Cc3ccccc3)ncc21,1900.0
CHEMBL3696503,C[C@@H]1CN(CC(=O)N2CCc3cnc(Cc4ccccc4)cc32)CCN1,960.0
CHEMBL3696494,C[C@@H]1CN(CC(=O)N2CC3(CCN(C(=O)OCc4ccccc4)CC3)c3ccc(Cl)cc32)CCN1,11000.0
CHEMBL3700028,COC[C@H]1CN[C@H](C)CN1CC(=O)N1CC(C)(C)c2cnc(-c3cc4ccccc4o3)cc21,14.0
CHEMBL3699022,CN[C@@H](C)C(=O)N[C@H]1CN(S(=O)(=O)CC/C=C/CCS(=O)(=O)N2CC[C@H]3CC[C@@H](C(=O)NC(c4ccccc4)c4ccccc4)N3C(=O)[C@@H](NC(=O)[C@H](C)NC)C2)CC[C@H]2CCC(C(=O)NC(c3ccccc3)c3ccccc3)N2C1=O,300.0
CHEMBL3700016,COC[C@H]1CN[C@H](C)CN1CC(=O)N1CC(C)(C)c2ncc(Cc3ccccc3)cc21,14.0
CHEMBL3700026,COC[C@H]1CN[C@H](C)CN1CC(=O)N1CC(C)(C)c2cnc(-c3ccc(C)s3)cc21,45.0
CHEMBL3699039,CN[C@@H](C)C(=O)N[C@H]1CN(S(=O)(=O)c2cccc(S(=O)(=O)N3CC[C@H]4CC[C@@H](C(=O)NC(c5ccccc5)c5ccccc5)N4C(=O)[C@@H](NC(=O)[C@H](C)NC)C3)c2)CC[C@H]2CCC(C(=O)NC(c3ccccc3)c3ccccc3)N2C1=O,300.0
CHEMBL3700030,C[C@@H]1CN(CC(=O)N2C[C@@](C)(c3ccccc3)c3ccc(C#N)cc32)[C@@H](C(=O)N2CCOCC2)CN1,110.0
CHEMBL3699065,CN[C@@H](C)C(=O)N[C@H]1CN(C(=O)NCCCCCCNC(=O)N2CC[C@H]3CC[C@@H](C(=O)N[C@H]4C[C@@H](c5ccccc5)C4)N3C(=O)[C@@H](NC(=O)[C@H](C)NC)C2)CC[C@H]2CCC(C(=O)N[C@H]3C[C@@H](c4ccccc4)C3)N2C1=O,1000.0
CHEMBL3700000,COC[C@H]1CN[C@H](C)CN1CC(=O)N1CC2(Cc3ccccc3C2)c2ccc(Cl)cc21,170.0
CHEMBL3699970,COC[C@H]1CN[C@H](C)CN1CC(=O)N1CC(C)(C)c2cnc(Cc3cccc(OC)c3)cc21,16.0
CHEMBL3699972,CC[C@H]1CN[C@H](C)CN1CC(=O)N1CC(C)(C)c2cnc(Cc3ccccc3)cc21,19.0
CHEMBL3699019,CN[C@@H](C)C(=O)N[C@H]1CN(C(=O)NCCCCCCCCNC(=O)N2CC[C@H]3CC[C@@H](C(=O)N[C@@H]4CCCc5ccccc54)N3C(=O)[C@@H](NC(=O)[C@H](C)NC)C2)CC[C@H]2CCC(C(=O)N[C@@H]3CCCc4ccccc43)N2C1=O,100.0
CHEMBL3700032,C[C@@H]1CN(CC(=O)N2C[C@@](C)(c3ccccc3)c3ccc(C#N)cc32)[C@@H](Cn2cccn2)CN1,170.0
CHEMBL3657132,CN[C@@H](C)C(=O)N[C@H]1CN(C(=O)CCCCC(=O)N2CC[C@H]3CC[C@@H](c4nc5c(-c6ccccc6)cccc5[nH]4)N3C(=O)[C@@H](NC(=O)[C@H](C)NC)C2)CC[C@H]2CC[C@@H](c3nc4c(-c5ccccc5)cccc4[nH]3)N2C1=O,10.0
CHEMBL3696499,C[C@@H]1CN(CC(=O)N2CCc3ccc(OC(F)(F)F)cc32)CCN1,42000.0
CHEMBL3699980,C[C@@H]1CN(CC(=O)N2CC(C)(C)c3cnc(Cc4ccccc4)cc32)[C@@H](C(=O)N(C)C)CN1,12.0
CHEMBL3699955,COC[C@H]1CN[C@H](C)CN1CC(=O)N1CC2(CN(C(C)=O)C2)c2ccc(Cl)cc21,540.0
CHEMBL3700014,CCC1(CC)CN(C(=O)CN2C[C@@H](C)NC[C@@H]2C(=O)N2CCOCC2)c2cc(Cl)ccc21,79.0
CHEMBL3699028,CN[C@@H](C)C(=O)N[C@H]1CN(C(=O)NCCCCCCNC(=O)N2CC[C@H]3CC[C@@H](C(=O)NC(c4ccccc4)c4ccccc4)N3C(=O)[C@@H](NC(=O)[C@H](C)NC)C2)CC[C@H]2CCC(C(=O)NC(c3ccccc3)c3ccccc3)N2C1=O,300.0
CHEMBL3699990,C[C@@H]1CN(CC(=O)N2CC3(Cc4ccccc4C3)c3ccc(C#N)cc32)[C@@H](C(=O)N2CCOCC2)CN1,150.0
CHEMBL3700106,CCC(F)(F)c1cnc2c(c1)N(C(=O)CN1C[C@@H](C)NC[C@@H]1CN1CCOC[C@H]1COC)CC2(C)C,24.0
CHEMBL3700034,COC[C@H]1CN[C@H](C)CN1CC(=O)N1CC(C)(c2ccccn2)c2ccc(C#N)cc21,1300.0
CHEMBL3699024,CN[C@@H](C)C(=O)N[C@H]1CN(S(=O)(=O)CCCCCCS(=O)(=O)N2CC[C@H]3CC[C@@H](C(=O)NC(c4ccccc4)c4ccccc4)N3C(=O)[C@@H](NC(=O)[C@H](C)NC)C2)CC[C@H]2CCC(C(=O)NC(c3ccccc3)c3ccccc3)N2C1=O,100.0
CHEMBL3700108,C[C@@H]1CN(CC(=O)N2CC(C)(C)c3ncc(Cc4ccc(F)cc4)cc32)CCN1,41.0
CHEMBL3700025,COC[C@H]1CN[C@H](C)CN1CC(=O)N1CC(C)(C)c2cnc(C(F)(F)c3ccccc3)cc21,17.0
CHEMBL3700090,C[C@@H]1CN(CC(=O)N2CC(C)(C)c3ncc(C(C)(F)F)cc32)[C@@H](CN2CCN(C)C(=O)C2)CN1,24.0
CHEMBL3700066,C[C@@H]1CN([C@@H](C)C(=O)N2CC(C)(C)c3ccc(C#N)cc32)CCN1,31000.0
CHEMBL3699044,CN[C@@H](C)C(=O)N[C@H]1CN(C(=O)Nc2ccc(NC(=O)N3CC[C@H]4CC[C@@H](C(=O)N[C@H]5C[C@@H]5c5ccc(F)cc5)N4C(=O)[C@@H](NC(=O)[C@H](C)NC)C3)cc2)CC[C@H]2CC[C@@H](C(=O)N[C@H]3C[C@@H]3c3ccc(F)cc3)N2C1=O,1000.0
CHEMBL3699973,COC[C@H]1CN[C@H](C)CN1CC(=O)N1CC(C)(C)c2cnc(C3CCCC3)cc21,270.0
CHEMBL3696514,CC[C@H]1CN[C@H](C)CN1CC(=O)N1CC(C)(C)c2cc(F)c(S(=O)(=O)c3ccccc3)cc21,64.0
CHEMBL3699037,CN[C@@H](C)C(=O)N[C@H]1CN(C(=O)NC2CCC(NC(=O)N3CC[C@H]4CC[C@@H](C(=O)NC(c5ccccc5)c5ccccc5)N4C(=O)[C@@H](NC(=O)[C@H](C)NC)C3)CC2)CC[C@H]2CCC(C(=O)NC(c3ccccc3)c3ccccc3)N2C1=O,300.0
CHEMBL3700104,CC[C@@H]1COCCN1C[C@H]1CN[C@H](C)CN1CC(=O)N1CC(C)(C)c2ncc(C(C)(F)F)cc21,17.0
CHEMBL3639385,CN[C@@H](C)C(=O)N[C@H]1CN(C(=O)CCCCCCCCC(=O)N2CC[C@H]3CC[C@@H](c4nc5c(-c6ccccc6)cccc5[nH]4)N3C(=O)[C@@H](NC(=O)[C@H](C)NC)C2)CC[C@H]2CC[C@@H](c3nc4c(-c5ccccc5)cccc4[nH]3)N2C1=O,50.0
CHEMBL3699953,COC[C@H]1CN[C@H](C)CN1CC(=O)N1CC(C)(C)c2ccc(S(=O)(=O)NC(C)C)cc21,1400.0
CHEMBL3699030,CN[C@@H](C)C(=O)N[C@H]1CN(C(=O)Nc2ccc(Oc3ccc(NC(=O)N4CC[C@H]5CC[C@@H](C(=O)NC(c6ccccc6)c6ccccc6)N5C(=O)[C@@H](NC(=O)[C@H](C)NC)C4)cc3)cc2)CC[C@H]2CCC(C(=O)NC(c3ccccc3)c3ccccc3)N2C1=O,300.0
CHEMBL3700021,C[C@@H]1CN(CC(=O)N2CC3(Cc4ccccc4C3)c3ccc(Cl)cc32)[C@@H](Cn2cccn2)CN1,150.0
CHEMBL3700057,CCC(F)(F)c1cnc2c(c1)N(C(=O)CN1C[C@@H](C)NC[C@@H]1CN1CCOC[C@H]1C)CC2(C)C,11.0
CHEMBL3699032,CN[C@@H](C)C(=O)N[C@H]1CN(C(=S)Nc2ccc(NC(=S)N3CC[C@H]4CC[C@@H](C(=O)NC(c5ccccc5)c5ccccc5)N4C(=O)[C@@H](NC(=O)[C@H](C)NC)C3)cc2)CC[C@H]2CCC(C(=O)NC(c3ccccc3)c3ccccc3)N2C1=O,300.0
CHEMBL3699971,COC[C@H]1CN[C@H](C)CN1CC(=O)N1CC(C)(C)c2cnc(C3=CCCC3)cc21,79.0
CHEMBL3700060,C[C@@H]1CN(CC(=O)N2CC(C)(C)c3cnc(Oc4ccccc4Cl)cc32)[C@@H](CN2CCOC2=O)CN1,14.0
CHEMBL3696518,CC(C)S(=O)(=O)c1cc2c(cc1F)C(C)(C)CN2C(=O)CN1CCN[C@H](C)C1,2500.0
CHEMBL3699043,CN[C@@H](C)C(=O)N[C@H]1CN(C(=O)Nc2ccc(NC(=O)N3CC[C@H]4CC[C@@H](C(=O)N[C@H]5C[C@@H]5c5ccccc5F)N4C(=O)[C@@H](NC(=O)[C@H](C)NC)C3)cc2)CC[C@H]2CC[C@@H](C(=O)N[C@H]3C[C@@H]3c3ccccc3F)N2C1=O,1000.0
CHEMBL3699058,CN[C@@H](C)C(=O)N[C@H]1CN(C(=O)NCCCCCCNC(=O)N2CC[C@H]3CC[C@@H](C(=O)N[C@@H]4CCC[C@H]4c4ccccc4)N3C(=O)[C@@H](NC(=O)[C@H](C)NC)C2)CC[C@H]2CCC(C(=O)N[C@@H]3CCC[C@H]3c3ccccc3)N2C1=O,3000.0
CHEMBL3699063,CN[C@@H](C)C(=O)N[C@H]1CN(C(=O)NCCCCCCNC(=O)N2CC[C@H]3CC[C@@H](C(=O)N[C@H]4CC[C@@H]4c4ccccc4)N3C(=O)[C@@H](NC(=O)[C@H](C)NC)C2)CC[C@H]2CCC(C(=O)N[C@H]3CC[C@@H]3c3ccccc3)N2C1=O,1000.0
CHEMBL3700107,COC[C@H]1CN[C@H](C)CN1CC(=O)N1CC(C)(C)c2ccc(Cc3ccccc3)nc21,680.0
CHEMBL3696493,C[C@@H]1CN(CC(=O)N2CC(C)(C)c3ccccc32)CCN1,27000.0
CHEMBL3699046,CN[C@@H](C)C(=O)N[C@H]1CN(C(=O)Nc2ccc(NC(=O)N3CC[C@H]4CC[C@@H](C(=O)N[C@H]5C[C@@H]5c5ccccc5)N4C(=O)[C@@H](NC(=O)[C@H](C)NC)C3)cc2)CC[C@H]2CC[C@@H](C(=O)N[C@H]3C[C@@H]3c3ccccc3)N2C1=O,1000.0
CHEMBL3699948,CNS(=O)(=O)c1ccc2c(c1)N(C(=O)CN1C[C@@H](C)NC[C@@H]1COC)CC2(C)C,1600.0
CHEMBL3700004,COC[C@H]1CN[C@H](C)CN1CC(=O)N1CC(C)(C)c2ccc(CN3CCCC3=O)cc21,730.0
CHEMBL3700058,C[C@@H]1CN(CC(=O)N2CC(C)(C)c3ncc(C(=O)c4ccccc4)cc32)[C@@H](CN2CCCC2=O)CN1,32.0
CHEMBL3699949,COC[C@H]1CN[C@H](C)CN1CC(=O)N1CC(C)(C)c2ccc(S(=O)(=O)CC(C)C)cc21,140.0
CHEMBL3696510,C[C@@H]1CN(CC(=O)N2CC(C)(C)c3ccc(S(=O)(=O)c4ccccc4)cc32)CCN1,450.0
CHEMBL3696500,C[C@@H]1CN(CC(=O)N2CCc3ccc(Cc4ccccc4)cc32)CCN1,1400.0
CHEMBL3699049,CN[C@@H](C)C(=O)N[C@H]1CN(C(=O)Nc2ccc(NC(=O)N3CC[C@H]4CC[C@@H](C(=O)N[C@@H]5CCC[C@@H]5c5ccccc5)N4C(=O)[C@@H](NC(=O)[C@H](C)NC)C3)cc2)CC[C@H]2CC[C@@H](C(=O)N[C@@H]3CCC[C@@H]3c3ccccc3)N2C1=O,1000.0
CHEMBL3699988,COC[C@H]1CN[C@H](C)CN1CC(=O)N1CC(C)(Cc2ccccc2)c2ccc(Cl)cc21,550.0
CHEMBL3699047,CN[C@@H](C)C(=O)N[C@H]1CN(C(=O)Nc2ccc(NC(=O)N3CC[C@H]4CC[C@@H](C(=O)N[C@@H]5CCC[C@H]5c5ccccc5)N4C(=O)[C@@H](NC(=O)[C@H](C)NC)C3)cc2)CC[C@H]2CC[C@@H](C(=O)N[C@@H]3CCC[C@H]3c3ccccc3)N2C1=O,3000.0
CHEMBL3699959,COC[C@H]1CN[C@H](C)CN1CC(=O)N1CC2(CN(C(C)=O)C2)c2ccc(Cc3ccccc3)cc21,16.0
CHEMBL3699040,CN[C@@H](C)C(=O)N[C@H]1CN(C(=O)NCCCCNC(=O)N2CC[C@H]3CC[C@@H](C(=O)NC(c4ccccc4)c4ccccc4)N3C(=O)[C@@H](NC(=O)[C@H](C)NC)C2)CC[C@H]2CCC(C(=O)NC(c3ccccc3)c3ccccc3)N2C1=O,300.0
CHEMBL3893895,CCC1(CC)Oc2nc(NC(=O)[C@H](C)N)ccc2N(c2ccc(Cl)cc2)C1=O,505.0
CHEMBL3922505,CN[C@@H](C)C(=O)Nc1ccc2c(n1)N[C@@H](C)C(=O)N2,55000.0
CHEMBL3920196,CN[C@@H](C)C(=O)Nc1ccc2c(c1)n(C)c(=O)n2C,55000.0
CHEMBL3890929,CN[C@@H](C)C(=O)Nc1ccc2c(n1)NCC(=O)N2,55000.0
CHEMBL3894597,CN[C@@H](C)C(=O)Nc1ccc2c(n1)CN(C)C(=O)N2C,5500.0
CHEMBL3892789,CN[C@@H](C)C(=O)Nc1ccc2c(n1)CNC(=O)N2,55000.0
CHEMBL3892200,CN[C@@H](C)C(=O)Nc1ccc2c(n1)CN(Cc1ccccc1)C(=O)N2c1ccccc1,100.0
CHEMBL3897994,CN[C@@H](C)C(=O)Nc1ccc2c(n1)OC(Cc1ccccc1)C(=O)N2,505.0
CHEMBL3969247,CN[C@@H](C)C(=O)Nc1ccc2c(n1)CNC(=O)N2c1ccccc1,505.0
CHEMBL3970450,CN[C@@H](C)C(=O)Nc1ccc2c(n1)CN(c1ccc(Cl)cc1)C(=O)N2c1ccc(Cl)cc1,505.0
CHEMBL3954799,CN[C@@H](C)C(=O)Nc1ccc2c(n1)CNC(=O)N2c1ccc(Cl)cc1,505.0
CHEMBL3983433,CN[C@@H](C)C(=O)Nc1ccc2c(n1)CN(c1ccccc1)C(=O)N2c1ccccc1,505.0
CHEMBL3946108,CN[C@@H](C)C(=O)Nc1ccc2c(n1)CN(c1cccc(Cl)c1)C(=O)N2c1cccc(Cl)c1,505.0
CHEMBL3940762,CN[C@@H](C)C(=O)Nc1ccc2c(n1)CN(C)C(=O)N2c1ccc(Cl)cc1,505.0
CHEMBL3902848,CN[C@@H](C)C(=O)Nc1ccc2c(n1)OCC(=O)N2c1ccc(Cl)cc1,505.0
CHEMBL3970314,CN[C@@H](C)C(=O)Nc1ccc2c(n1)CN(c1cc(Cl)ccc1F)C(=O)N2c1ccccc1,505.0
CHEMBL3903476,CN[C@@H](C)C(=O)Nc1ccc2c(n1)OC(C)(C)C(=O)N2c1ccc(Cl)cc1,505.0
CHEMBL3931762,CCCN1Cc2nc(NC(=O)[C@H](C)NC)ccc2N(c2ccccc2)C1=O,505.0
CHEMBL3955844,CN[C@@H](C)C(=O)Nc1ccc2c(n1)CN(C1CCCCC1)C(=O)N2c1ccc(Cl)cc1,505.0
CHEMBL3907712,CN[C@@H](C)C(=O)Nc1ccc2c(n1)CN(C1CCCC1)C(=O)N2c1ccc(Cl)cc1,505.0
CHEMBL3932160,CN[C@@H](C)C(=O)Nc1ccc2c(n1)CN(C(C)C)C(=O)N2c1ccc(Cl)cc1,505.0
CHEMBL3904793,CN[C@@H](C)C(=O)Nc1ccc2c(n1)CN(CCc1ccccc1)C(=O)N2c1ccc(Cl)cc1,505.0
CHEMBL3895249,CN[C@@H](C)C(=O)Nc1ccc2c(n1)CN(C(C)C)C(=O)N2c1cccc(Cl)c1,505.0
CHEMBL3923214,CN[C@@H](C)C(=O)Nc1ccc2c(n1)CN(C(C)C)C(=O)N2,5500.0
CHEMBL4111272,CCC1(CC)Oc2nc(NC(=O)[C@@H](C)NC)ccc2N(c2ccc(Cl)cc2)C1=O,505.0
CHEMBL3975382,CN[C@@H](C)C(=O)Nc1ccc2c(n1)OC1(CCCC1)C(=O)N2c1ccc(Cl)cc1,505.0
CHEMBL3969310,CN[C@@H](C)C(=O)Nc1ccc2c(n1)CN(C(C)CC(C)C)C(=O)N2c1ccc(Cl)cc1,505.0
CHEMBL3964665,CN[C@@H](C)C(=O)Nc1ccc2c(n1)OC1(Cc3ccccc3C1)C(=O)N2c1ccc(Cl)cc1,505.0
CHEMBL3917778,CN[C@@H](C)C(=O)Nc1ccc2c(n1)CN(C1CCC(C)(C)CC1)C(=O)N2c1cccc(Cl)c1,505.0
CHEMBL3925194,CN[C@@H](C)C(=O)Nc1ccc2c(n1)OC(C)(C)C(=O)N2c1cccc(Cl)c1,505.0
CHEMBL3896796,CN[C@@H](C)C(=O)Nc1ccc2c(n1)O[C@@](C)(c1ccccc1)C(=O)N2c1ccc(Cl)cc1,505.0
CHEMBL3900529,CN[C@@H](C)C(=O)Nc1ccc2c(n1)CN(Cc1cscn1)C(=O)N2c1ccc(Cl)cc1,505.0
CHEMBL3979152,CN[C@@H](C)C(=O)Nc1ccc2c(n1)CN(C(C)C(C)C)C(=O)N2c1cccc(Cl)c1,505.0
CHEMBL3906876,CN[C@@H](C)C(=O)Nc1ccc2c(n1)OC1(CCCCC1)C(=O)N2c1ccc(Cl)cc1,505.0
CHEMBL3951508,CN[C@@H](C)C(=O)Nc1ccc2c(n1)OC(C)(Cc1ccccc1)C(=O)N2c1cccc(Cl)c1,505.0
CHEMBL3917879,CN[C@@H](C)C(=O)Nc1ccc2c(n1)OC(C)(CC(C)C)C(=O)N2c1cccc(Cl)c1,505.0
CHEMBL3912475,CN[C@@H](C)C(=O)Nc1ccc2c(n1)OC(C)(C1CCCC1)C(=O)N2c1cccc(Cl)c1,505.0
CHEMBL3908827,CN[C@@H](C)C(=O)Nc1ccc2c(n1)CN(C(C)C1CCC1)C(=O)N2c1cccc(Cl)c1,505.0
CHEMBL3978734,CN[C@@H](C)C(=O)Nc1ccc2c(n1)CN(CC1CCCC1)C(=O)N2c1cccc(Cl)c1,505.0
CHEMBL3970943,CN[C@@H](C)C(=O)Nc1ccc2c(n1)CN(C1CCN(C(C)=O)CC1)C(=O)N2c1cccc(Cl)c1,505.0
CHEMBL3978606,CN[C@@H](C)C(=O)Nc1ccc2c(n1)CN(c1cc(Cl)cc(Cl)c1)C(=O)N2c1cc(Cl)cc(Cl)c1,505.0
CHEMBL4109627,CN[C@H](C)C(=O)Nc1ccc2c(n1)OC(C)(CCC(C)N)C(=O)N2c1ccccc1,505.0
CHEMBL3896283,CN[C@@H](C)C(=O)Nc1ccc2c(n1)CN(C(C)CC(C)(C)C)C(=O)N2c1cccc(Cl)c1,505.0
CHEMBL3917272,CN[C@@H](C)C(=O)Nc1ccc2[nH]c(=O)n(Cc3ccccc3)c2n1,55000.0
CHEMBL3935993,CNC(C)C(=O)Nc1cc(-c2ncnc3c(C)nn(C)c23)cc(NC(=O)c2ccc(Cl)cn2)n1,1.0
CHEMBL3898998,CNC(C)C(=O)Nc1cc(-c2ncnc3c(C)nn(C)c23)cc(NC(=O)c2cc3c(cn2)COC3)n1,2.0
CHEMBL3927049,CNC(C)C(=O)Nc1cc(-c2c(C)noc2C)cc(NC(=O)c2ccc(Cl)cn2)n1,3.0
CHEMBL3926020,CNC(C)C(=O)Nc1cc(-c2ccncc2C#N)cc(NC(=O)c2ccc(Cl)cn2)n1,28.0
CHEMBL3929299,CNC(C)C(=O)Nc1cc(-c2c(C)ncnc2C)cc(NC(=O)c2ccc(Cl)cn2)n1,5.0
CHEMBL3955142,CNC(C)C(=O)Nc1cc(-c2c(C)nc3ccccn23)cc(NC(=O)c2ccc(Cl)cn2)n1,10.0
CHEMBL3951871,CNC(C)C(=O)Nc1cc(-c2cccc3cnn(C)c23)cc(NC(=O)c2ccc(Cl)cn2)n1,3.0
CHEMBL3975889,CNC(C)C(=O)Nc1cc(-c2nccc3cccc(C)c23)cc(NC(=O)c2ccc(Cl)cn2)n1,1.0
CHEMBL3971543,CNC(C)C(=O)Nc1cc(-c2c(C)nc3cccc(C)n23)cc(NC(=O)c2ccc(Cl)cn2)n1,7.0
CHEMBL3932853,CNC(C)C(=O)Nc1cc(-c2cccc3nc(C)c(C)n23)cc(NC(=O)c2ccc(Cl)cn2)n1,1.0
CHEMBL3960445,CNC(C)C(=O)Nc1cc(-c2cccc3nn(C)c(C)c23)cc(NC(=O)c2ccc(Cl)cn2)n1,3.0
CHEMBL3932969,CNC(C)C(=O)Nc1cc(-c2cccc3c2c(C)nn3C)cc(NC(=O)c2ccc(Cl)cn2)n1,2.0
CHEMBL3946504,CNC(C)C(=O)Nc1cc(-c2ncnc3cccc(F)c23)cc(NC(=O)c2ccc(Cl)cn2)n1,1.0
CHEMBL3916269,CNC(C)C(=O)Nc1cc(-c2ncnc3oc(C)c(C)c23)cc(NC(=O)c2ccc(Cl)cn2)n1,1.0
CHEMBL3915777,CNC(C)C(=O)Nc1cc(-c2ncnc3nc(C)n(C)c23)cc(NC(=O)c2ccc(Cl)cn2)n1,1.0
CHEMBL3943738,CNC(C)C(=O)Nc1cc(-c2nn(C)c3ncnc(N)c23)cc(NC(=O)c2ccccn2)n1,95.0
CHEMBL3928237,CNC(C)C(=O)Nc1cc(-c2cnc3cccc(Cl)n23)cc(NC(=O)c2ccc(Cl)cn2)n1,1.0
CHEMBL3952463,CNC(C)C(=O)Nc1cc(-c2c(OC)ccc3ccccc23)cc(NC(=O)c2ccc(Cl)cn2)n1,225.0
CHEMBL3901338,CNC(C)C(=O)Nc1cc(-c2c(OC)ccc3nccnc23)cc(NC(=O)c2ccc(Cl)cn2)n1,50.0
CHEMBL3929287,CNC(C)C(=O)Nc1cc(-c2nc(C)nc3c(C)nn(C)c23)cc(NC(=O)c2ccc(Cl)cn2)n1,1.0
CHEMBL3906797,CNC(C)C(=O)Nc1cc(-c2ncnc3cccc(Cl)c23)cc(NC(=O)c2ccc(Cl)cn2)n1,1.0
CHEMBL3938332,CNC(C)C(=O)Nc1cc(-c2ccnc3cc(F)cc(F)c23)cc(NC(=O)c2ccc(Cl)cn2)n1,8.0
CHEMBL3923542,CNC(C)C(=O)Nc1cc(-c2c(OC)ccc3nccc(C)c23)cc(NC(=O)c2ccc(Cl)cn2)n1,1.0
CHEMBL3975877,CNC(C)C(=O)Nc1cc(-c2c(C)nc(C)c3c(=O)n(C)n(C)c23)cc(NC(=O)c2ccc(Cl)cn2)n1,1.0
CHEMBL3946563,CNC(C)C(=O)Nc1cc(-c2c(Cl)c(C)nc3cc(Cl)cc(Cl)c23)cc(NC(=O)c2ccc(Cl)cn2)n1,18.0
CHEMBL3983891,CNC(C)C(=O)Nc1cc(-c2c(C)ccc3ncccc23)cc(NC(=O)c2cc3c(cn2)COC3)n1,31.0
CHEMBL3958644,CNC(C)C(=O)Nc1cc(-c2c(C)ccc3ncccc23)cc(NC(=O)c2ccc(C)cn2)n1,28.0
CHEMBL3959727,CNC(C)C(=O)Nc1cc(-c2c(C)ccc3ncccc23)cc(NC(=O)c2ccc(C#N)cn2)n1,36.0
CHEMBL3932220,CNC(C)C(=O)Nc1cc(-c2c(C)ccc3ncccc23)cc(NC(=O)c2ncc3ccccc3n2)n1,52.0
CHEMBL3978628,CNC(C)C(=O)Nc1cc(-c2c(C)ccc3ncccc23)cc(NC(=O)c2ccc(F)cn2)n1,53.0
CHEMBL3937728,CNC(C)C(=O)Nc1cc(-c2c(C)ccc3ncccc23)cc(NC(=O)c2ccc(OC)cn2)n1,59.0
CHEMBL3941154,CNC(C)C(=O)Nc1cc(-c2c(C)ccc3ncccc23)cc(NC(=O)c2cnc(C)cn2)n1,104.0
CHEMBL3913142,CNC(C)C(=O)Nc1cc(-c2c(C)ccc3ncccc23)cc(NC(=O)c2cc3ccccc3cn2)n1,132.0
CHEMBL3957993,CNC(C)C(=O)Nc1cc(-c2c(C)ccc3ncccc23)cc(NC(=O)c2ccc3ccccc3n2)n1,170.0
CHEMBL3983236,CNC(C)C(=O)Nc1cc(-c2c(C)ccc3ncccc23)cc(NC(=O)c2ccncn2)n1,428.0
CHEMBL3945899,CNC(C)C(=O)Nc1cc(-c2c(C)ccc3ncccc23)cc(NC(=O)c2cc3ccccc3o2)n1,514.0
CHEMBL3975253,CNC(C)C(=O)Nc1cc(-c2c(C)ccc3ncccc23)cc(NC(=O)c2ccccn2)n1,553.0
CHEMBL3986011,CNC(C)C(=O)Nc1cc(-c2c(C)ccc3ncccc23)cc(NC(=O)c2cccc(C)n2)n1,598.0
CHEMBL3970113,CNC(C)C(=O)Nc1cc(-c2c(C)ccc3ncccc23)cc(NC(=O)c2ccn(C)n2)n1,703.0
CHEMBL3931529,CNC(C)C(=O)Nc1cc(-c2c(C)ccc3ncccc23)cc(NC(=O)c2cc(Cl)ccn2)n1,1187.0
CHEMBL3959026,CNC(C)C(=O)Nc1cc(-c2c(C)ccc3ncccc23)cc(NC(=O)c2cccnn2)n1,2603.0
CHEMBL3924954,CNC(C)C(=O)Nc1cc(-c2c(C)ccc3ncccc23)cc(NC(=O)c2ccc3cnccc3c2)n1,3189.0
CHEMBL3949256,CNC(C)C(=O)Nc1cc(-c2c(C)ccc3ncccc23)cc(NC(=O)c2cn(C)cn2)n1,4939.0
CHEMBL3929533,CNC(C)C(=O)Nc1cc(-c2c(C)ccc3ncccc23)cc(NC(=O)c2cc(-c3ccccc3)on2)n1,6334.0
CHEMBL3959673,CNC(C)C(=O)Nc1cc(-c2ccncc2C)cc(NC(=O)c2ccc(Cl)cn2)n1,17.0
CHEMBL3923211,CNC(C)C(=O)Nc1cc(-c2cccc3nc(C)c(C)n23)cc(NC(=O)c2cc3c(cn2)COC3)n1,1.0
CHEMBL3963989,CNC(C)C(=O)Nc1cc(-c2cccc3nc(C)c(C)n23)cc(NC(=O)Cc2ccccc2)n1,5346.0
CHEMBL3889562,CNC(C)C(=O)Nc1cc(-c2cccc3nc(C)c(C)n23)cc(NC(=O)c2cc3ccccc3[nH]2)n1,348.0
CHEMBL3946388,CNC(C)C(=O)Nc1cc(-c2cccc3nc(C)c(C)n23)cc(NC(=O)c2ccc(OC)cn2)n1,1.0
CHEMBL3937672,CNC(C)C(=O)Nc1cc(-c2cncc3ccn(C)c23)cc(NC(=O)c2ccc(Cl)cn2)n1,1.0
CHEMBL3967322,CNC(C)C(=O)Nc1cc(-c2cccc3cncc(C)c23)cc(NC(=O)c2ccc(Cl)cn2)n1,1.0
CHEMBL3936420,CNC(C)C(=O)Nc1cc(-c2c(Cl)cnc3ccccc23)cc(NC(=O)c2ccc(Cl)cn2)n1,11.0
CHEMBL3969548,Cc1cccc2ccn(-c3cc(NC(=O)c4ccc(Cl)cn4)nc(NC(=O)C(C)N)c3)c12,45.0
CHEMBL3957995,CC(N)C(=O)Nc1cc(Cl)cc(NC(=O)c2ccccn2)n1,4597.0
CHEMBL3930490,Cc1ccc(C(=O)Nc2cccc(NC(=O)C(C)N)n2)nc1,421.0
CHEMBL3969043,CNC(C)C(=O)Nc1cc(-c2nccc3c(=O)n(C)n(C)c23)cc(NC(=O)c2ccc(Cl)cn2)n1,3.0
CHEMBL3935909,CNC(C)C(=O)Nc1cc(-c2nc(C)nc3c(C)c(C)n(C)c23)cc(NC(=O)c2ccc(Cl)cn2)n1,1.0
CHEMBL3944851,CNC(C)C(=O)Nc1cc(-c2ncnc3c(C)nn(C)c23)cc(NC(=O)c2ncc(Cl)cc2C)n1,1.0
CHEMBL3953439,CNC(C)C(=O)Nc1cc(-c2nc(C)nc3c(C)nn(C)c23)cc(NC(=O)c2ncc(Cl)cc2F)n1,1.0
CHEMBL3929227,CNC(C)C(=O)Nc1cc(-c2nc(OC)nc3c(C)nn(C)c23)cc(NC(=O)c2ccc(Cl)cn2)n1,55.0
CHEMBL4115565,CN[C@H](C)C(=O)Nc1cc(-c2ncnc3c(C)nn(C)c23)cc(C#Cc2ccc3c(cnn3C)c2)n1,1.0
CHEMBL4114897,CN[C@H](C)C(=O)Nc1cc(-c2ncnc3c(C)nn(C)c23)cc(C#Cc2ccc3c(C)nccc3c2)n1,1.0
CHEMBL4115526,CN[C@H](C)C(=O)Nc1cc(-c2ncnc3c(C)nn(C)c23)cc(C#Cc2cc(C)nc3c(F)cccc23)n1,1.0
CHEMBL4115207,CN[C@H](C)C(=O)Nc1cc(-c2ncnc3c(C)nn(C)c23)cc(C#Cc2ccn3c(C)ncc3c2)n1,1.0
CHEMBL4109172,CN[C@H](C)C(=O)Nc1cc(-c2c(OC)ccc3nc(C)ccc23)cc(C#Cc2ccccc2)n1,59.0
CHEMBL4106485,CN[C@H](C)C(=O)Nc1cc(-c2ncnc3cnn(C)c23)cc(C#Cc2ccc3c(C)nccc3c2)n1,1.0
CHEMBL4107160,CN[C@H](C)C(=O)Nc1cc(-c2ncnc3cnn(C)c23)cc(C#Cc2ccccc2)n1,2.0
CHEMBL4108098,CN[C@H](C)C(=O)Nc1cc(-c2ncnc3cnn(C)c23)cc(C#Cc2ccc3c(ccc(=O)n3C)c2)n1,1.0
CHEMBL4115656,CN[C@H](C)C(=O)Nc1cc(-c2ncnc3cnn(C)c23)cc(C#Cc2ccc(-n3cnc(C)c3)cc2)n1,2.0
CHEMBL4112542,CN[C@H](C)C(=O)Nc1cc(-c2ncnc3oc(C)c(C)c23)cc(C#Cc2ccccc2)n1,2.0
CHEMBL4115218,CN[C@H](C)C(=O)Nc1cc(-c2cccc3nc(C)c(C)n23)cc(C#Cc2ccc3c(C)nccc3c2)n1,1.0
CHEMBL4114456,CN[C@H](C)C(=O)Nc1cc(-c2cccc3cnn(C)c23)cc(C#Cc2ccc3c(c2)CC(=O)N3C)n1,11.0
CHEMBL4108099,CN[C@H](C)C(=O)Nc1cc(-c2cnc3cccc(C)n23)cc(C#Cc2ccc3c(C)nccc3c2)n1,1.0
CHEMBL4110909,CN[C@H](C)C(=O)Nc1cc(-c2c(C)nc(C)c3c(=O)n(C)n(C)c23)cc(C#Cc2ccc3c(C)nccc3c2)n1,1.0
CHEMBL4115053,CN[C@H](C)C(=O)Nc1cc(-c2nc(C)nc3c(C)nn(C)c23)cc(C#Cc2ccc3c(ccc(=O)n3C)c2)n1,1.0
CHEMBL4110049,CN[C@H](C)C(=O)Nc1cc(-c2nc(C)nc3c(C)nn(C)c23)cc(C#Cc2ccc3c(C)nccc3c2)n1,1.0
CHEMBL4108709,CN[C@H](C)C(=O)Nc1cc(-c2nc(C)nc3c(C)nn(C)c23)cc(C#Cc2ccc3c(cnn3C)c2)n1,1.0
CHEMBL4113127,CN[C@H](C)C(=O)Nc1cc(-c2nc(C)nc3nn(C)c(C)c23)cc(C#Cc2ccc3c(C)nccc3c2)n1,1.0
CHEMBL4107814,CN[C@H](C)C(=O)Nc1cc(-c2nc(C)nc3nn(C)c(C)c23)cc(C#Cc2ccc3c(ccc(=O)n3C)c2)n1,2.0
CHEMBL4107425,CN[C@H](C)C(=O)Nc1cc(-c2nc(C)nc3nn(C)c(C)c23)cc(C#Cc2ccc3c(cnn3C)c2)n1,1.0
CHEMBL4110268,CN[C@H](C)C(=O)Nc1cc(-c2nc(C)nc3nn(C)c(C)c23)cc(C#Cc2cnc(-n3cnc(C)c3)nc2)n1,1.0
CHEMBL4110057,CN[C@H](C)C(=O)Nc1cc(-c2nc(C)nc3nn(C)c(C)c23)cc(C#Cc2cccs2)n1,1.0
CHEMBL4107271,CN[C@H](C)C(=O)Nc1cc(-c2cccc3cnn(C)c23)c(Cl)c(C#Cc2ccc3c(C)nccc3c2)n1,12.0
CHEMBL4111060,CN[C@H](C)C(=O)Nc1cc(-c2cccc3cnn(C)c23)c(Cl)c(C#Cc2ccc3c(ccc(=O)n3C)c2)n1,10.0
CHEMBL4112689,CN[C@H](C)C(=O)Nc1cc(-c2cccc3cnn(C)c23)c(OC)c(C#Cc2ccccc2)n1,12.0
CHEMBL4115311,CN[C@H](C)C(=O)Nc1cc(-c2cccc3ncccc23)c(OC)c(C#Cc2ccccc2)n1,136.0
CHEMBL4112194,CN[C@H](C)C(=O)Nc1cc(-c2ccncc2)cc(C#Cc2ccccc2)n1,282.0
CHEMBL4109659,CN[C@H](C)C(=O)Nc1cc(-c2cncc(F)c2)cc(C#Cc2ccccc2)n1,127.0
CHEMBL4106789,CN[C@H](C)C(=O)Nc1cc(-c2ccc(C(F)(F)F)nc2)cc(C#Cc2ccccc2)n1,352.0
CHEMBL4113639,CN[C@H](C)C(=O)Nc1cc(-c2ccc(OC)nc2)cc(C#Cc2ccccc2)n1,325.0
CHEMBL4106575,CN[C@H](C)C(=O)Nc1cc(-c2ccccc2F)cc(C#Cc2ccccc2)n1,4010.0
CHEMBL4111793,CN[C@H](C)C(=O)Nc1cc(-c2ccccc2)cc(C#Cc2ccccc2)n1,2642.0
CHEMBL4112887,CN[C@H](C)C(=O)Nc1cc(-c2cccnc2)cc(C#Cc2ccccc2)n1,250.0
CHEMBL3931465,CNC(C)C(=O)Nc1cc(-c2ccncc2)c(-c2cncnc2)c(C#Cc2ccccc2)n1,250.0
CHEMBL3903484,CNC(C)C(=O)Nc1cc(-c2cccnc2)c(-c2cncnc2)c(C#Cc2ccccc2)n1,172.0
CHEMBL3940501,CCNC(CC)C(=O)Nc1cc(-c2ncnc3c(C)nn(C)c23)cc(C#Cc2ccc3c(C)nccc3c2)n1,6.0
CHEMBL3909016,CNC(C)C(=O)Nc1cc(-c2ncnc3c(C)nn(C)c23)cc(C#Cc2ccc3nc(C)ccc3c2)n1,1.0
CHEMBL3935487,CNC(C)C(=O)Nc1cc(-c2ncnc3c(C)nn(C)c23)cc(C#Cc2cc(C)nc(C)c2)n1,1.0
CHEMBL3917949,CNC(C)C(=O)Nc1cc(-c2ncnc3c(C)nn(C)c23)cc(C#Cc2cc(F)cc(F)c2)n1,1.0
CHEMBL3926762,CNC(C)C(=O)Nc1cc(-c2ncnc3c(C)nn(C)c23)cc(C#Cc2ccc(-n3cnc(C)c3)cc2)n1,1.0
CHEMBL3963948,CNC(C)C(=O)Nc1cc(-c2ncnc3c(C)nn(C)c23)cc(C#Cc2cc(F)c3ncccc3c2)n1,1.0
CHEMBL3898413,CNC(C)C(=O)Nc1cc(-c2ncnc3c(C)nn(C)c23)cc(C#Cc2cnc3c(cnn3C)c2)n1,1.0
CHEMBL3895473,CN[C@@H](C)C(=O)Nc1ccc(-c2c(-c3cccnc3OC)nc3cc(C)ccn23)c(C#Cc2ccc3c(C)nccc3c2)n1,1.0
CHEMBL3911035,CN[C@@H](C)C(=O)Nc1ccc(-c2c(-c3ccnc(C)c3)nc3cc(C)ccn23)c(C#Cc2ccc3c(C)nccc3c2)n1,1.0
CHEMBL3981054,CN[C@@H](C)C(=O)Nc1ccc(-c2c(-c3cnn(C)c3)nc3cc(C)ccn23)c(C#Cc2ccc3c(C)nccc3c2)n1,1.0
CHEMBL3905467,CN[C@@H](C)C(=O)Nc1ccc(-c2c(-c3cncn3C)nc3cc(C)ccn23)c(C#Cc2ccc3c(C)nccc3c2)n1,1.0
CHEMBL3973040,CN[C@@H](C)C(=O)Nc1ccc(-c2c(-c3cccnc3C)nc3cc(C)ccn23)c(C#Cc2ccc3c(C)nccc3c2)n1,2.0
CHEMBL3896543,CN[C@@H](C)C(=O)Nc1ccc(-c2c(-c3ccc(C)nc3)nc3cc(C)ccn23)c(C#Cc2ccc3c(C)nccc3c2)n1,1.0
CHEMBL3967713,CN[C@@H](C)C(=O)Nc1ccc(-c2c(-c3cnc(C)nc3)nc3cc(C)ccn23)c(C#Cc2ccc3c(C)nccc3c2)n1,1.0
CHEMBL3928571,CN[C@@H](C)C(=O)Nc1ccc(-c2c(-c3ccnc(OC)c3)nc3cc(C)ccn23)c(C#Cc2ccc3c(C)nccc3c2)n1,1.0
CHEMBL3964219,CN[C@@H](C)C(=O)Nc1ccc(-c2c(-c3ccc(OC)nc3)nc3cc(C)ccn23)c(C#Cc2ccc3c(C)nccc3c2)n1,1.0
CHEMBL3930510,CN[C@@H](C)C(=O)Nc1ccc(-c2c(-c3cccnc3OC)nc3cc(C)ccn23)c(C#Cc2ccc3c(ccc(=O)n3C)c2)n1,1.0
CHEMBL3958007,CN[C@@H](C)C(=O)Nc1ccc(-c2c(-c3ccnc(C)c3)nc3cc(C)ccn23)c(C#Cc2ccccc2)n1,1.0
CHEMBL3935923,CN[C@@H](C)C(=O)Nc1ccc(-c2c(-c3cnc(C)nc3)nc3cc(C)ccn23)c(C#Cc2ccc3c(ccc(=O)n3C)c2)n1,2.0
CHEMBL3969059,CN[C@@H](C)C(=O)Nc1ccc(-c2c(-c3ccnc(OC)c3)nc3cc(C)ccn23)c(C#Cc2ccc3c(ccc(=O)n3C)c2)n1,1.0
CHEMBL3929505,CN[C@@H](C)C(=O)Nc1ccc(-c2c(-c3ccc(OC)nc3)nc3cc(C)ccn23)c(C#Cc2ccc3c(ccc(=O)n3C)c2)n1,1.0
CHEMBL3974300,CN[C@@H](C)C(=O)Nc1ccc(-c2c(-c3cccnc3OC)nc3cc(Cl)ccn23)c(C#Cc2ccc3c(C)nccc3c2)n1,2.0
CHEMBL3956933,CN[C@@H](C)C(=O)Nc1ccc(-c2c(-c3cccnc3OC)nc3ccccn23)c(C#Cc2ccc3c(C)nccc3c2)n1,2.0
CHEMBL234346,CC[C@H](C)[C@H](NC(=O)[C@@H]1CCCN1C(=O)[C@@H](NC(=O)[C@H](C)N)C(C)C)C(=O)O,0.32
CHEMBL4098982,CC[C@H](NC)C(=O)N[C@@H]1C(=O)N2[C@@H](CC[C@@H]1CNC(=O)c1ccccc1)CC[C@H]2C(=O)N[C@H](C(=O)NCCN(Cc1ccccn1)Cc1ccccn1)c1ccccc1,1.09
CHEMBL4084120,CC[C@H](NC)C(=O)N[C@@H]1C(=O)N2[C@@H](CC[C@@H]1CNC(=O)c1ccccc1)CC[C@H]2C(=O)NC(c1ccccc1)c1ccccc1,1.42
CHEMBL4091245,CC[C@H](NC)C(=O)N[C@@H]1C(=O)N2[C@@H](CC[C@@H]1CNC(=O)CN(Cc1ccccn1)Cc1ccccn1)CC[C@H]2C(=O)NC(c1ccccc1)c1ccccc1,1.52
CHEMBL4070316,CC[C@H](NC)C(=O)N[C@@H]1C(=O)N2[C@@H](CC[C@@H]1CNC(=O)CCNC(=O)CN(Cc1ccccn1)Cc1ccccn1)CC[C@H]2C(=O)NC(c1ccccc1)c1ccccc1,1.35
CHEMBL4079500,CC[C@H](NC)C(=O)N[C@@H]1C(=O)N2[C@@H](CC[C@@H]1CNC(=O)CCCCCCCCCCNC(=O)CN(Cc1ccccn1)Cc1ccccn1)CC[C@H]2C(=O)NC(c1ccccc1)c1ccccc1,6.08
CHEMBL4097534,CC[C@H](NC)C(=O)N[C@@H]1C(=O)N2[C@@H](CC[C@@H]1CNC(=O)COCCOCCNC(=O)CN(Cc1ccccn1)Cc1ccccn1)CC[C@H]2C(=O)NC(c1ccccc1)c1ccccc1,1.66
CHEMBL4164385,CN[C@@H](C)C(=O)N[C@H](C(=O)N1CCC[C@H]1c1nc(C(=O)c2cccc(OC)c2)cs1)C1CCCCC1,4.8
CHEMBL4172268,CN[C@@H](C)C(=O)N[C@H](C(=O)N1CCC[C@H]1c1nc(C(=O)c2cccc(OCCOCCOCCNC(=O)c3cccc(-c4cc(Nc5ccc(OC(F)(F)F)cc5)ncn4)c3)c2)cs1)C1CCCCC1,220.0
CHEMBL4160980,CN[C@@H](C)C(=O)N[C@H](C(=O)N1CCC[C@H]1c1nc(C(=O)c2cccc(OCCOCCOCCNC(=O)C3CCN(c4ncc(C(=O)Nc5ccc(OC(F)(F)Cl)cc5)cc4-c4ccn[nH]4)C3)c2)cs1)C1CCCCC1,86.0
CHEMBL4168907,CN[C@@H](C)C(=O)N(C)[C@H](C(=O)N1CCC[C@H]1c1nc(C(=O)c2cccc(OCCOCCOCCNC(=O)C3CCN(c4ncc(C(=O)Nc5ccc(OC(F)(F)Cl)cc5)cc4-c4ccn[nH]4)C3)c2)cs1)C1CCCCC1,1000.0
CHEMBL4064619,C[C@@H]1CN(CC(=O)N2CC(C)(C)c3ncc(Cc4ccc(F)cc4)cc32)[C@@H](CN2CCOC[C@H]2C)CN1,0.32
CHEMBL4169478,C[C@@H]1CN(CC(=O)N2CC(C)(C)c3c2cc(Cc2ccc(F)cc2)c(=O)n3C)[C@@H](CN2[C@H](C)COC[C@H]2C)CN1,0.18
CHEMBL4177336,C[C@@H]1CN(CC(=O)N2CC(C)(C)c3cc(=O)n(Cc4ccc(F)cc4)cc32)[C@@H](CN2[C@H](C)COC[C@H]2C)CN1,0.7
CHEMBL4166057,C[C@@H]1CN(CC(=O)N2CC(C)(C)c3nc(CO)c(Cc4ccc(F)cc4)cc32)[C@@H](CN2[C@H](C)COC[C@H]2C)CN1,0.1
CHEMBL4173974,C[C@@H]1CN(CC(=O)N2CC(C)(C)c3nc(CO)c(Cc4ccc(F)cc4)cc32)[C@@H](CN2CCOC[C@H]2C)CN1,0.22
CHEMBL4167141,C[C@@H]1CN(CC(=O)N2CC(C)(C)c3[nH]c(=O)c(Cc4ccc(F)cc4)cc32)[C@@H](CN2[C@H](C)COC[C@H]2C)CN1,0.13
CHEMBL4159232,C[C@@H]1CN(CC(=O)N2CC(C)(C)c3ncc(Cc4ccc(F)cc4O)cc32)[C@@H](CN2[C@H](C)COC[C@H]2C)CN1,0.59
CHEMBL4170539,C[C@@H]1CN(CC(=O)N2CC(C)(C)c3ncc([C@@H](O)c4ccc(F)cc4)cc32)[C@@H](CN2[C@H](C)COC[C@H]2C)CN1,3.5
CHEMBL4162607,C[C@@H]1CN(CC(=O)N2CC(C)(C)c3ncc([C@H](O)c4ccc(F)cc4)cc32)[C@@H](CN2[C@H](C)COC[C@H]2C)CN1,2.3
CHEMBL4159806,C[C@@H]1CN(CC(=O)N2CC(C)(C)c3nnc(Cc4ccc(F)cc4F)cc32)[C@@H](CN2Cc3ccc(C#N)cc3C2=O)CN1,1.6
CHEMBL4167717,C[C@@H]1CN(CC(=O)N2CC(C)(C)c3nnc(Cc4ccc(F)cc4F)cc32)[C@@H](CN2Cc3cc(C#N)ccc3C2=O)CN1,1.0
CHEMBL4174922,C[C@@H]1CN(CC(=O)N2CC(C)(C)c3nnc(Cc4ccc(F)cc4F)cc32)[C@@H](CN2Cc3ccc(F)cc3C2=O)CN1,0.74
CHEMBL4164271,C[C@@H]1CN(CC(=O)N2CC(C)(C)c3nnc(Cc4ccc(F)cc4F)cc32)[C@@H](CN2Cc3cc(F)ccc3C2=O)CN1,0.2
CHEMBL4171490,C[C@@H]1CN(CC(=O)N2CC(C)(C)c3nnc(Cc4ccc(F)cc4F)cc32)[C@@H](CN2Cc3c(F)cccc3C2=O)CN1,0.17
CHEMBL4160872,C[C@@H]1CN(CC(=O)N2CC(C)(C)c3nnc(Cc4ccc(F)cc4F)cc32)[C@@H](CN2Cc3ccccc3C2=O)CN1,0.34
CHEMBL4168144,C[C@@H]1CN(CC(=O)N2CC(C)(C)c3nnc(Cc4ccc(F)cc4)cc32)[C@@H](CN2Cc3ccccc3C2=O)CN1,2.5
CHEMBL4175992,C[C@@H]1CN(CC(=O)N2CC(C)(C)c3ncc(Cc4ccc(F)cc4)cc32)[C@@H](CN2Cc3ccccc3C2=O)CN1,1.3
CHEMBL4173890,CC1=C(C)C(=O)N(C[C@H]2CN[C@H](C)CN2CC(=O)N2CC(C)(C)c3ncc(Cc4ccc(F)cc4)cc32)C1,3.8
CHEMBL4172596,C[C@@H]1CN(CC(=O)N2CC(C)(C)c3ncc(Cc4ccc(F)cc4)cc32)[C@@H](CN2C[C@@H](C)OCC2=O)CN1,6.5
CHEMBL4168197,C[C@@H]1CN(CC(=O)N2CC(C)(C)c3ncc(Cc4ccc(F)cc4)cc32)[C@@H](CN2[C@H](C)COC[C@@H]2C)CN1,0.62
CHEMBL4166607,C[C@@H]1CN(CC(=O)N2CC(C)(C)c3ncc(Cc4ccc(F)cc4)cc32)[C@@H](CN2[C@H](C)COC[C@H]2C)CN1,0.19
CHEMBL4159855,C[C@@H]1CN(CC(=O)N2CC(C)(C)c3ncc(Cc4ccc(F)cc4)cc32)[C@@H](CN2C[C@@H](C)OC[C@H]2C)CN1,4.2
CHEMBL4291176,CN[C@@H](C)C(=O)N[C@@H](Cc1ccc(CP(=O)(O)O)cc1)C(=O)N1CCC[C@H]1C(=O)N[C@@H](Cc1ccccc1)C(N)=O,197.6
CHEMBL4283320,CN[C@@H](C)C(=O)N[C@@H](Cc1ccc(S(=O)(=O)O)cc1)C(=O)N1CCC[C@H]1C(=O)N[C@@H](Cc1ccccc1)C(N)=O,143.5
CHEMBL4291444,CN[C@@H](C)C(=O)N[C@@H](Cc1ccc(S(=O)(=O)O)cc1)C(=O)N1CCC[C@H]1C(=O)NC1Cc2ccccc2C1,1000.0
CHEMBL4283597,CN[C@@H](C)C(=O)N[C@@H](Cc1ccc(S(=O)(=O)O)cc1)C(=O)N1CCC[C@@H]1c1cncc(Cc2ccccc2)n1,1000.0
CHEMBL4288043,CN[C@@H](C)C(=O)N[C@@H](Cc1ccc(C(F)(F)F)c(Cl)c1)C(=O)N1CCC[C@@H]1c1cncc(Cc2ccccc2)n1,352.6
CHEMBL4280144,CN[C@@H](C)C(=O)N[C@@H](CCN)C(=O)N1CCCC1c1nc2ccccc2[nH]1,16000.0
CHEMBL4284657,CN[C@@H](C)C(=O)N[C@@H](Cc1ccc(N=C(N)N)cc1)C(=O)N1CCCC1c1nc2ccccc2[nH]1,5000.0
CHEMBL4276715,CN[C@@H](C)C(=O)N[C@@H](CCN)C(=O)N1CCC[C@@H]1C(=O)N[C@@H]1CCc2c(F)cccc21,17.2
CHEMBL4281250,CN[C@@H](C)C(=O)N[C@@H](Cc1ccc(CP(=O)(O)O)cc1)C(=O)N1CCC[C@@H]1C(=O)NC1Cc2ccccc2C1,1203.0
CHEMBL4291873,CN[C@@H](C)C(=O)N[C@@H](Cc1ccc(CP(=O)(O)O)cc1)C(=O)N1CCC[C@@H]1c1cncc(Cc2ccccc2)n1,2000.0
CHEMBL4277802,CN[C@@H](C)C(=O)N[C@@H](Cc1ccc([N+](=O)[O-])cc1)C(=O)N1CCC[C@H]1C(=O)N[C@@H]1CCc2c(F)cccc21,23.9
CHEMBL4288451,CN[C@@H](C)C(=O)N[C@@H](Cc1ccc(S(=O)(=O)O)cc1)C(=O)N1CCC[C@H]1C(=O)N[C@@H]1CCc2c(F)cccc21,21.7
CHEMBL4288478,CN[C@@H](C)C(=O)N[C@@H](Cc1cc(C)c(C(F)(F)F)cc1F)C(=O)N1CCC[C@H]1C(=O)N[C@@H]1CCc2c(F)cccc21,4.5
CHEMBL4277819,CN[C@@H](C)C(=O)N[C@@H](CNC(=O)c1ccc(S(=O)(=O)F)cc1)C(=O)N1CCC[C@H]1C(=O)N[C@@H](Cc1ccccc1)C(N)=O,181.0
CHEMBL4291896,CN[C@@H](C)C(=O)N[C@@H](CNC(=O)c1cccc(S(=O)(=O)F)c1)C(=O)N1CCC[C@H]1C(=O)N[C@@H](Cc1ccccc1)C(N)=O,264.1
CHEMBL4281278,CN[C@@H](C)C(=O)N[C@@H](CNC(=O)c1ccc(S(=O)(=O)F)cc1)C(=O)N1CCC[C@@H]1c1cncc(Cc2cccc(F)c2)n1,200.0
CHEMBL4276740,CN[C@@H](C)C(=O)N[C@@H](CNC(=O)c1ccc(S(=O)(=O)F)cc1)C(=O)N1CCC[C@H]1c1cncc(Cc2cccc(F)c2)n1,1000.0
CHEMBL2063869,CN[C@@H](C)C(=O)N[C@H](C(=O)N1CCC[C@H]1C(=O)Nc1snnc1-c1ccccc1)C1CCCCC1,10.4
CHEMBL4280168,CN[C@@H](C)C(=O)N[C@H](C(=O)N1CCC[C@H]1C(=O)N[C@@H](Cc1ccccc1)C(N)=O)C(C)C,48.2
CHEMBL4452928,CN[C@@H](C)C(=O)N[C@@H](CNC(=O)c1ccc(S(=O)(=O)F)cc1)C(=O)N1CCC[C@@H]1c1cncc(Cc2ccc(F)cc2)n1,200.0
CHEMBL3108931,CN[C@@H](C)C(=O)N[C@H](C(=O)N1CCC[C@H]1C(=O)N[C@H]1c2ccccc2C[C@H]1OCC#CC#CCO[C@@H]1Cc2ccccc2[C@@H]1NC(=O)[C@@H]1CCCN1C(=O)[C@@H](NC(=O)[C@H](C)NC)C(C)(C)C)C(C)(C)C,15.0
CHEMBL4552412,CN[C@@H](C)C(=O)NC(Cc1cc(C)c(C(F)(F)F)cc1F)C(=O)N1CCC[C@H]1C(=O)N[C@@H]1CCc2c(OS(=O)(=O)F)cccc21,15.0
CHEMBL4581366,CN[C@@H](C)C(=O)N[C@H](C(=O)N1CCC[C@H]1C(=O)N[C@@H]1CCc2c(OS(=O)(=O)F)cccc21)C1CCCCC1,14.0
CHEMBL4437401,CN[C@@H](C)C(=O)N[C@@H](Cc1ccc(OS(=O)(=O)F)cc1)C(=O)N1CCC[C@H]1C(=O)N[C@@H]1CCc2c(F)cccc21,20.0
CHEMBL5186855,CC(C)[C@H](NC(=O)[C@H](C)N)C(=O)N1CCC[C@H]1C(=O)N[C@@H](Cc1ccccc1)C(N)=O,150.0
CHEMBL5181541,CN[C@@H](C)C(=O)N[C@@H](CNC(=O)c1ccc(S(=O)(=O)F)c(OC)c1)C(=O)N1CCC[C@H]1C(=O)N[C@@H](Cc1ccccc1)C(N)=O,144.0
CHEMBL5175233,CN[C@@H](C)C(=O)N[C@@H](CNC(=O)c1cc(S(=O)(=O)F)ccc1OC)C(=O)N1CCC[C@H]1C(=O)N[C@@H](Cc1ccccc1)C(N)=O,153.0
CHEMBL5169527,CN[C@@H](C)C(=O)N[C@@H](CNC(=O)c1cc(S(=O)(=O)F)ccc1OC)C(=O)N1CCCC[C@H]1C(=O)N[C@@H](Cc1ccccc1)C(N)=O,745.0
CHEMBL5193194,CN[C@@H](C)C(=O)N[C@@H](CNC(=O)c1cc(S(=O)(=O)F)ccc1OC)C(=O)N1Cc2ccccc2C[C@H]1C(=O)N[C@@H](Cc1ccccc1)C(N)=O,205.0
CHEMBL5200297,CN[C@@H](C)C(=O)N[C@@H](CNC(=O)c1cccc(S(=O)(=O)F)c1)C(=O)N1CCC[C@H]1C(=O)NC1Cc2ccccc2C1,1000.0
CHEMBL5191180,CN[C@@H](C)C(=O)N[C@@H](CNC(=O)c1cc(S(=O)(=O)F)ccc1OC)C(=O)N1CCC[C@H]1C(=O)N[C@@H]1CCc2c(F)cccc21,116.0
CHEMBL5174454,CN[C@@H](C)C(=O)N[C@@H](CNC(=O)c1cc(S(=O)(=O)F)ccc1OC)C(=O)N1CCC[C@H]1C(=O)N[C@@H]1CCc2ccccc21,40.0
CHEMBL5203019,CN[C@@H](C)C(=O)N[C@@H](CNC(=O)c1cc(S(=O)(=O)F)ccc1OC)C(=O)N1CCCC[C@H]1C(=O)N[C@@H]1CCc2ccccc21,151.0
CHEMBL5170823,CN[C@@H](C)C(=O)N[C@@H](CNC(=O)c1cc(S(=O)(=O)F)ccc1OC)C(=O)N1Cc2ccccc2C[C@H]1C(=O)N[C@@H]1CCc2ccccc21,80.0
CHEMBL5195146,CN[C@@H](C)C(=O)N[C@@H](CNC(=O)c1cc(S(=O)(=O)O)ccc1OC)C(=O)N1CCC[C@H]1C(=O)N[C@@H]1CCc2ccccc21,266.0
